img_id,fuel,parking,restaurant,transport
1078,0.08559236793909086,0.5534353662849824,0.38559016766024123,0.563411929830673
845,0.5296324098939993,0.7398521910684842,0.01952582707262318,0.010194605727792294
1231,0.48760210473856025,0.15198078552173255,0.7151229831427073,0.4637421045525385
1150,0.5442553937658972,0.36356187485539015,0.8055540777162645,0.8071834389208032
773,0.05536918634621757,0.3530877841353779,0.6987918683075737,0.39424828836683645
644,0.2721269584508623,0.8973021482254361,0.22504441380427076,0.7083891689407525
984,0.664308865974269,0.7474073306154163,0.40053323171288024,0.2632336841591737
772,0.30704273664037474,0.733395170358834,0.9721166422290097,0.05387349451371648
916,0.6081069705059486,0.8381510914140937,0.1439643829458136,0.44270040172490577
1059,0.5271014665378642,0.5325859160295786,0.2218876256715422,0.3716510856380524
713,0.3123719349498101,0.38166872645388294,0.024948767949488637,0.3957714670694005
1166,0.8313874107089616,0.9726708271894177,0.6454047677240933,0.22566275726161966
856,0.1137573817377463,0.542448423321602,0.930643049784157,0.4172101979774031
635,0.9848426695378957,0.26397786334865037,0.6408879084488107,0.7735533782093774
1056,0.3899836234622863,0.11665446457473294,0.008937730129049526,0.13222775825939637
1082,0.1058574237413884,0.6424908840841888,0.013387255776118545,0.2589274529791379
942,0.2962855982423712,0.08834159210027337,0.1747579983996278,0.2024262284167112
1010,0.6486351813711635,0.056969318795271784,0.9884753785943452,0.761170786896341
1011,0.276305924347124,0.4650811608729183,0.5067289701536949,0.27147514736270384
723,0.7715928526002952,0.7703016023329541,0.43295118245440256,0.8279678828842842
830,0.6593986749192212,0.9452955193704532,0.4223030334085044,0.8428509428445995
658,0.6719275878233996,0.922786074478561,0.609401313918219,0.4290239005511213
708,0.4202101203530745,0.2568790111054774,0.2926907598694608,0.6097513098495436
906,0.6794262095810206,0.599534880708689,0.9241321405674705,0.10831299636321234
821,0.2837384759791661,0.18786945766922725,0.7242795214702307,0.5044566051219416
721,0.23015229999091025,0.24731059777311826,0.7829000694487337,0.13980350205636327
1067,0.41431024635823055,0.34850021784223606,0.6113309517985811,0.697331961356891
1203,0.3946563109330382,0.9779681443406428,0.8954682417749409,0.03398605532905097
911,0.06594657121749248,0.9569232217242905,0.6163543026549587,0.698810399794199
982,0.7219995806268263,0.4147372656737871,0.026413238793793203,0.34540526321179743
1025,0.5096459497400719,0.42874755356003735,0.11023130191389019,0.35249092115905756
1099,0.6865084485337292,0.029336583930105298,0.729333290682129,0.09794585250168109
1106,0.4652462329266239,0.23546571719001397,0.5959418676624127,0.8525748880624461
960,0.6287319505303309,0.07362024885141083,0.38503988194927896,0.8301188328110267
796,0.2527568939114091,0.5817798789051252,0.4029135417614498,0.3227552487673504
1075,0.37100366013915,0.584179310200065,0.729423050229089,0.39170166865390543
1064,0.9582359900157743,0.4148673061709781,0.98557289991892,0.5362155557406584
740,0.5512915190628037,0.17221736858584435,0.06830490385344024,0.19600137352811198
1068,0.9253613301759644,0.41930036098369683,0.003367531177296823,0.9544933828471962
1138,0.6991001601829602,0.5571813295369633,0.6927083473760726,0.37631763977108423
1180,0.9980637801688028,0.8191081735364594,0.009424475984421754,0.9360486920550022
1001,0.6465539819814535,0.225377445587859,0.8747382193698103,0.27564565517538764
643,0.029975006596024367,0.09335181837827244,0.5355697134729613,0.08710868821634532
1089,0.6955046500852574,0.47252815895253963,0.25605003968050866,0.24330089132169785
888,0.6131912279545801,0.4405535436290786,0.925069844779401,0.4926074961529002
730,0.7798129916087995,0.07734073792981566,0.4465829975793538,0.9379565021154851
1238,0.4372974875573453,0.5131442054098797,0.051952962446558226,0.8530900030260367
731,0.6618186118507288,0.83956843628081,0.752869528524476,0.7137586008425338
1192,0.3537269667508346,0.7728642778688981,0.23133877360956667,0.1405878543928385
835,0.7944880066015907,0.2959953258955774,0.5067986475357185,0.9355448968164447
837,0.7262555762696746,0.6987685840191613,0.8201957670506747,0.34639427592122485
1053,0.6645673306749732,0.8624906946149794,0.767302718538868,0.5374411103166824
1234,0.616710752753071,0.45015510979098994,0.6824035739158175,0.1382721323236369
695,0.9889813388534597,0.023999856188367752,0.8265400840775218,0.46212068584649246
887,0.9649724999481304,0.5689981203058713,0.06535828625411277,0.12993693754254387
1101,0.09917934138838991,0.36349856686852855,0.13276876610091914,0.9906075944082295
950,0.35237092200504727,0.9382838395397486,0.3699549209449893,0.40181379488390334
734,0.7998742924895936,0.7648182260033042,0.8443630300566155,0.15929388939127154
1085,0.6639352433886587,0.5469617868612547,0.9641526588903131,0.3303929621125422
779,0.8337556548502587,0.7406442790060132,0.2800394636700295,0.7201058348913242
1116,0.36159244377298216,0.04210940018492326,0.9164023880292755,0.6946824253448093
1186,0.8596819065243154,0.7245438414737336,0.15905356273455584,0.624466958731124
815,0.7049634784361147,0.3920152788390707,0.43179036598269127,0.06469982566580912
814,0.36520960021064697,0.2340929421196999,0.7339051639027993,0.6588713465281422
961,0.16271837686191337,0.9693501594716283,0.9528725029811055,0.30020259278333417
1121,0.843470471967764,0.2814810482391136,0.31811424744302463,0.5450978471046157
752,0.3905832648530162,0.6253605871820966,0.4488769612083947,0.09965128057069994
1016,0.41550112303340536,0.5509007465631932,0.039158702492812725,0.7353886152803136
855,0.6583098502550917,0.11038214429188764,0.30510111937143247,0.8294511076231297
745,0.3343049624325899,0.05062611953393048,0.9129519938154801,0.8897602305472353
1230,0.7517282208701849,0.9655460854627139,0.6555153629075865,0.07886152369615185
1181,0.06980139167161326,0.3493665905861252,0.21652666660801467,0.09887608331372744
862,0.2880581453762957,0.5770146645733042,0.879994703276386,0.13103101020843388
958,0.7319968118301696,0.6902539740438798,0.6625435422549231,0.5214870627675001
886,0.8244815341979609,0.6408250469720357,0.49241814669894246,0.6782456261334475
1171,0.23039974166510924,0.6718628754748981,0.17659668784149962,0.7870201045867941
747,0.1377598547252793,0.9568799423494373,0.6620872855134888,0.7444618836916216
1165,0.012392568777515378,0.5804310852085702,0.3973666643156353,0.9676631567334002
966,0.5815770685192923,0.08241471058555616,0.7380564732853602,0.5048422560923929
1007,0.9853625483178376,0.395197537645245,0.9178020407369992,0.6752353452943
755,0.5705254164058173,0.12444383273926407,0.7658770831989032,0.2310017347472273
1191,0.3350735120633731,0.612404413136544,0.9479474354165429,0.19030335963306821
1017,0.7416438327352962,0.41740455900254736,0.8849280678397667,0.4776085960634028
1095,0.1617019554271062,0.054810761581754464,0.2301571325687547,0.6407712106602677
1094,0.7954863410500445,0.6140979730806434,0.9566450535373612,0.8999801265368067
841,0.3169895404578562,0.6476494342694779,0.38984301472717675,0.9092274525734639
1219,0.7207028455377552,0.8287405590133782,0.5263901211210608,0.3281233145174832
901,0.9783365490404268,0.7327447672972449,0.8108917319905682,0.0985859104760124
1045,0.6938782047199727,0.3216058282084374,0.27943735543656156,0.5246638527699409
1115,0.024517317782449144,0.15740101407860674,0.9466012698933555,0.7795696059640359
900,0.9627837695684514,0.5929477373255746,0.7289616790586004,0.491381947905032
1228,0.08160127206344492,0.6321539631124298,0.46537009922727823,0.23277885358467232
1229,0.49266726296436925,0.13639042142320512,0.525736499107791,0.8649207438240623
928,0.7229094463757804,0.2569259346276306,0.9334265712125582,0.09123662521357079
808,0.6428308877786469,0.6321658542987479,0.3240531836980165,0.603912123250996
812,0.7441022918360501,0.021568899100235406,0.7454817114256493,0.6276142186646206
948,0.15430069188575524,0.3463605664080196,0.9005123113202473,0.7878569578094063
764,0.9871598143259032,0.42346715522883394,0.505552292967153,0.9468715084179269
1052,0.34198758954159303,0.21139223496794501,0.14147435394780905,0.22786368790464973
1102,0.157317177954169,0.7778693576456537,0.36478171966842676,0.45823753133909384
993,0.7485642804534037,0.783503719862836,0.7581689094110209,0.5136393786963427
765,0.8026718449788328,0.5053555588388935,0.08616841314714829,0.7670060052158506
977,0.0013573869372218716,0.2813537133957482,0.9725252613311078,0.8512585523689732
825,0.41938064376291506,0.6194381162504353,0.9162599458633586,0.3947010041979565
975,0.21484606060657274,0.4908133318603394,0.17653921577305698,0.25231172028806115
1233,0.17948118829906123,0.5795539041285861,0.45513757466592486,0.6604757909604404
703,0.6450834868080688,0.4342747633200691,0.39861301650773173,0.8288095224439859
991,0.054934357140907775,0.025914108246030576,0.7815562580051616,0.9582486369706708
661,0.8530057735186426,0.8694723049597161,0.6418207474648356,0.6088890621254637
657,0.8622924069988882,0.8467043745790888,0.2541049184518481,0.6470069145184696
1039,0.9861115482604741,0.6959804154534952,0.5766031894318476,0.7340208830628042
1038,0.8873062079414367,0.21255884043169315,0.39309514194902995,0.1686429617810894
688,0.7025999391113755,0.12638206304144328,0.10302204408678606,0.42208844501049125
883,0.0820033859927839,0.09665877025591474,0.28823008534651284,0.4728110087330314
1224,0.8792155356119247,0.4597626519330481,0.43556517723970745,0.2878338505224425
741,0.40186205304124034,0.6310458836784761,0.6146923976708829,0.488190393866923
1128,0.21723517114831803,0.07340667099753062,0.44724532383503257,0.8844860093573381
847,0.5663031331078184,0.6324240756219744,0.7396105682842385,0.8894303617675622
1071,0.5588277399793584,0.08500125816303605,0.6862562791844208,0.6630412390208166
820,0.054872124180078585,0.08870942770485046,0.15744648688742924,0.6550308765335445
633,0.7100897903518014,0.813796546568848,0.943426775696283,0.33988971512102895
1091,0.13372460099256644,0.09498763906182872,0.6499366162997392,0.8087599490596222
1046,0.22239984034050442,0.5134150281630835,0.3916194716016709,0.07409873603425055
850,0.8551695671103452,0.22332307887779612,0.2603277447699528,0.9970792149360752
685,0.661132927769377,0.9593928121290434,0.6982136652570083,0.9281200690073262
638,0.4225202832016651,0.4202752126945041,0.9375271380946885,0.01737565100440197
768,0.8113342252343966,0.2896531161128689,0.7210813904483214,0.31313889772032155
1188,0.6500934043313483,0.9429284897120863,0.6087341362930474,0.8406078053915185
851,0.32180746910744573,0.27185546470513655,0.6415281425911684,0.988719630317207
802,0.8064797997534112,0.1382836766041744,0.4227865093287677,0.5598692013631406
738,0.7325876489024304,0.2738033464720375,0.09003070701676907,0.1868848461784114
803,0.7621411816930845,0.1809520683824395,0.2366155708213521,0.18571560769963613
1141,0.7689174496904483,0.5608410907586605,0.7340118525720362,0.46491550413900784
891,0.9437748738741414,0.5297995805186773,0.2685591859150245,0.23209027315760855
1131,0.9550997636285996,0.9614910114900939,0.6211750437925164,0.1550509068667626
725,0.8279747232812306,0.33417854182496864,0.9152952866391977,0.04477042650943619
846,0.9963677742775003,0.5175452689658511,0.6288763007718681,0.952319028138638
839,0.806021004080756,0.6309684999421338,0.685119643612787,0.1509853184420985
979,0.30644614663890046,0.7894813662657025,0.5696446858410308,0.9928359007010751
868,0.8082091855771063,0.5489106748180619,0.7572203207754069,0.89509250842396
1105,0.3909896836658787,0.2600986384331996,0.6823562145675415,0.7873887213915172
1074,0.6492426195051272,0.29437326255538343,0.09225714678634733,0.8385504301948842
727,0.10611470857170013,0.8187943468068101,0.30852705361223154,0.3544073836753605
1008,0.023154998168027574,0.7690215785268204,0.9650422363160256,0.02777987895513334
746,0.00872969784333788,0.30743139451433865,0.7068592768793268,0.5113943225257144
932,0.3775815040569537,0.37695955478219534,0.8999466376423363,0.6455831398031388
645,0.5927514226018684,0.8433198041576755,0.476184676872596,0.35986581192705347
668,0.7876972746575561,0.5376549239636668,0.21731680180278468,0.4797231119639751
736,0.5425393472835639,0.9277349959636495,0.8444411739544261,0.8479691314680676
666,0.7950981277155285,0.11115584460475925,0.5420926448595049,0.6766850937148444
831,0.28559626671234994,0.7226477221417874,0.9723104020270013,0.5125571128897052
719,0.8767941807583518,0.5259193600290323,0.7858035827517266,0.43848582902469124
718,0.3948634587377585,0.423329073138648,0.658816135508672,0.31989339684362517
996,0.8472876129149349,0.5213625010186681,0.2139100355202126,0.17090305759917201
875,0.7086775585056211,0.08329226967838887,0.8761261565352563,0.6849791187868255
682,0.2872510757673956,0.3885338540733113,0.8995335845150344,0.06933169039272746
634,0.0006709844157156697,0.1175626909452252,0.6563564148151932,0.32709363189332274
1018,0.3919085350551681,0.9504736701346623,0.8398547171054557,0.5159109221414199
1176,0.3829430399782058,0.977204759211025,0.14678385126773308,0.28553429013967613
840,0.08243177793906742,0.05901527684524466,0.8070157784586441,0.4239361685000065
1195,0.8041867359090777,0.8745976714886107,0.08364886964788654,0.535312595558954
981,0.8917249996769141,0.3712479172192278,0.34082159129015954,0.20837331736399878
1175,0.027360712434875478,0.9001450948253128,0.6737232540301081,0.5591101225393684
1108,0.420942453202962,0.5227054929943384,0.4872505767177334,0.3774913521358557
1205,0.4436336337247129,0.09699831270331427,0.7712945548083844,0.8905207928248775
1109,0.7496702848370607,0.8724066793513265,0.029774831119544154,0.6057940331030031
1076,0.2236820977787578,0.7078427832132392,0.757248294873958,0.20311983150418456
918,0.6141159910573966,0.023478530609776338,0.5803134235308235,0.8015374178164405
705,0.10174186282348552,0.6535668218125307,0.5105131376587455,0.37470572932661583
1104,0.24958214761584052,0.960673701611933,0.8092819119509455,0.9478688675375083
995,0.29928253031536434,0.7169605162172843,0.3262979295916978,0.20053980620583345
949,0.8567370576592703,0.944892337058493,0.5552969455050246,0.13468670649054482
874,0.07087367785388976,0.2713207640778226,0.18112056192063286,0.6682149334941911
804,0.14245177831380107,0.12906271245509504,0.475043993836917,0.39833813228099524
1048,0.2714199892704624,0.5467348937059601,0.8640685882625211,0.5479182255567082
1006,0.2636444325595504,0.5094500445057941,0.2702986002770823,0.8157357848982663
1156,0.5900473884527592,0.6971663840432977,0.540534783196752,0.14833902623780992
842,0.9981349873443548,0.09741555142488356,0.7803146663108982,0.45386075183751606
636,0.1258999092087938,0.37824642150937793,0.9038387974371801,0.24195155198187912
715,0.4686942235121969,0.20990112640663539,0.6495883061103633,0.6466630132472467
1136,0.12198718810883313,0.9959844538276339,0.15132972531964362,0.4392625671847725
1137,0.4856965311630935,0.48000858128794877,0.895198427892212,0.5847867988467264
786,0.9456075178017643,0.10340338099856605,0.016339967489327756,0.1345998510367693
798,0.19129179031359078,0.03808032414830831,0.6231342596056354,0.6207740470834361
895,0.7341076947641593,0.21873783218372522,0.10077816680387097,0.3259771627019358
785,0.829231914298391,0.3138454776345796,0.34100018418284184,0.6988072982705402
1119,0.2652118377186877,0.3518011341908184,0.7042474777998667,0.060729684699155406
646,0.6203111102991085,0.8429176539914783,0.846926091193771,0.7777547222894319
652,0.23944890415206255,0.14155005684342437,0.5754908337949268,0.8652386631745733
836,0.28914171006402967,0.6316841929173682,0.4582865214578389,0.9337457356254869
659,0.40558856649133135,0.9982232944447645,0.5624093882705482,0.5143221617602971
1020,0.37468244569024556,0.3721493919114671,0.1514882598522389,0.06367677625908374
1236,0.6672169396572826,0.9275789164941269,0.25184663420474795,0.7541019639690323
1077,0.9456679030033903,0.5659097123820073,0.8895840859255018,0.5964639616963129
924,0.9681424129854442,0.8676086425718134,0.8744184611424451,0.16208823577776688
654,0.12642012342473619,0.5990622108829232,0.33489896017958687,0.9663502428598956
751,0.9757974529500305,0.9309961425395031,0.09661579983629531,0.19992588151198254
744,0.013993246333000697,0.20131032625563794,0.05092634579984601,0.7778980792019414
1050,0.8882715794047187,0.717202512585334,0.18084131313488594,0.6515405952902051
1028,0.5691438672591311,0.5594918867491656,0.7716393511657461,0.9759241803885677
1168,0.2012867169241872,0.10911003824278032,0.23532904563562795,0.3589363961533043
701,0.8981081135984927,0.22833757300913937,0.9870916981453312,0.4148851704168032
938,0.7173386881483101,0.6548333233900987,0.057645649065986904,0.1374727325838292
1072,0.12321766438221171,0.6624063217285374,0.8923881550322671,0.6452711689623406
897,0.7651021727259162,0.777170542211966,0.5869288444338943,0.1364397408323781
838,0.3214578834769064,0.5932671073910554,0.48203615516671994,0.4054799020623089
896,0.9025442906354155,0.2952463152729017,0.9271376191701077,0.8582840189214063
941,0.34299767922500546,0.9849923466245621,0.6081304101832069,0.2737953187427916
885,0.5438543724963533,0.9679305856958801,0.8898650250541592,0.4866457835944511
823,0.5587294768753217,0.04178274764744483,0.44054515256966775,0.2897487169030182
769,0.417358172110181,0.0760630143146177,0.39825249451574796,0.3947735508400686
1135,0.5998592586043776,0.7884621305636079,0.6977792155228335,0.6359473706593702
762,0.8031701387201239,0.61588990348971,0.41632018963213524,0.32752896190788494
992,0.12255178476768613,0.44673768416988624,0.2390705194059477,0.1985492031329691
801,0.8137567388989257,0.9982740744408333,0.5037979515433609,0.10453083370825667
639,0.28604136114704515,0.29789629308993826,0.39970548441602827,0.21119583501931927
1015,0.6991607439183251,0.9756703932578091,0.08177237462643927,0.3289231333711473
1000,0.3929492066460607,0.8764345907337666,0.4773477738845324,0.267121599613954
1098,0.33742598238383414,0.25315545264106754,0.7783658564757127,0.189724274273537
770,0.03553767041830913,0.7889815920368619,0.8082970189927771,0.5075341902330047
698,0.14236673217257456,0.8690456618544061,0.388271036480094,0.009334623189689695
1096,0.057468732348151086,0.19429277329004058,0.7333276801750657,0.5756103824119548
1103,0.12282128263920178,0.0072368796353418086,0.11657570490010016,0.8149805118096659
1061,0.5997525844039331,0.7534214019273981,0.11846223424278812,0.0365615227977204
946,0.7239182735664592,0.6238143534783446,0.8078203733572934,0.8317595506912997
1093,0.7298020108142627,0.5567093889107301,0.5564112019792947,0.9948145294197991
683,0.6849484462648904,0.6319701697245275,0.7654813968152774,0.012147994840335241
881,0.8094448123319026,0.648845469908808,0.42138938422539407,0.10099953963810038
1185,0.44731201924810515,0.9393010217050871,0.41952626211658894,0.5801210334334632
756,0.8403936736895078,0.12481322193512157,0.6305479279436527,0.5255946467758984
922,0.5585100822444322,0.19149692469895463,0.6685471653255035,0.4301775972543088
1029,0.776650450864478,0.4681126260907186,0.9654868025105071,0.4933080768047471
655,0.9782847977420933,0.07392069606501417,0.7389032046186753,0.6802205958280328
684,0.4603982167558853,0.8488658876007829,0.05727386548324909,0.9835889570120853
955,0.4054059416430448,0.029355687947182463,0.7395557355311734,0.281109920210585
775,0.2850397415078646,0.9657882429930441,0.4438013509113926,0.6798868644394759
910,0.4254244885618308,0.43568796274548294,0.856196016135019,0.5999728607873704
1227,0.02471398738102737,0.8483342421979055,0.851697941375477,0.5244171896563554
788,0.21288226211609218,0.014473930237316024,0.5537253599632197,0.890046132896121
878,0.27701827415215496,0.7037792343693483,0.2701626835523655,0.9563080135178923
818,0.8245740665175559,0.38888136475427004,0.9073362455067647,0.011423560364235752
947,0.22664346854431627,0.2380234772590598,0.48386033582835886,0.9666363718406558
726,0.4906455566038206,0.6755777169536469,0.2238079947815732,0.6170471679070013
997,0.6712430536469656,0.1842064270910928,0.8830969510653752,0.3189297156675749
776,0.6897101551130145,0.9597243860114132,0.32881641971754316,0.9548149624194008
945,0.03889420074717709,0.8563256811211508,0.5411355241777484,0.36472777494871833
959,0.4463313073872991,0.5789681004236488,0.3862209297677559,0.9769034795559438
1122,0.8374855381234003,0.820619245604979,0.14732904115378487,0.9810845280116292
826,0.034952048564201976,0.9175682723267122,0.8605530588784086,0.0628992424205378
936,0.19076337516929187,0.6365565563191328,0.32942310059172564,0.35043981856987316
757,0.44785922753929686,0.7480724141600604,0.8867619077826453,0.7562135360443526
952,0.3100943082268941,0.5504886097074768,0.6580104305853371,0.1818520228387166
742,0.6197467176519629,0.56004932456198,0.5437237821711638,0.4168674161262311
1152,0.4316663838531083,0.7634064259912431,0.015046865022619982,0.40541168773788616
1214,0.22497132728157354,0.386698793985661,0.3152493793138017,0.43696797378337826
642,0.858735089001086,0.5027810795414834,0.042461302012404056,0.05905625192015518
1060,0.810777960096403,0.8545307176099887,0.6317984672228985,0.45774059872448514
1206,0.5182151901088011,0.4197573602910143,0.441377104408624,0.24027400541586097
882,0.05437127219910898,0.4560499234209522,0.0046399227019743305,0.43791078707618947
1065,0.39207405761284475,0.45229060984857616,0.38237169442886854,0.13493468233841954
1169,0.5183576581077878,0.23515614622436787,0.8244138476808672,0.3354684216394177
649,0.5061028810415865,0.6003971538565717,0.7888326503612006,0.3970870917709539
828,0.11991263404213215,0.5410519226252314,0.9784759395748222,0.7812915997905863
1210,0.3940357879081504,0.42803158688752974,0.9893053636024748,0.9629997216140694
976,0.5853655257315474,0.8980861606352509,0.6039228459244735,0.3145356155653386
1014,0.14486696558650514,0.2133703369623553,0.711937061216479,0.21422767123160003
699,0.5226995770317578,0.5331285603035713,0.8479138525929771,0.4842438754440187
1151,0.36914574500239794,0.3620065431979288,0.7400317061170677,0.6180096285316934
1118,0.6499180770247351,0.6826065109200564,0.9539389188423755,0.23002094320398325
678,0.4025603466475629,0.9417452102385235,0.506495096072511,0.7835679151600192
737,0.013253765046703059,0.23892051443927298,0.18784896582759036,0.5622445417314905
963,0.2546684370659166,0.43767247963737355,0.92425856068247,0.2500063333057869
953,0.29297144556199495,0.7293415440978404,0.12257214621621293,0.3104085845098148
988,0.46850046346243845,0.1754292153683482,0.8220210140655677,0.5734180976939204
872,0.5202856609141726,0.3306216742792707,0.9435270890256977,0.13754016871421482
750,0.14380880319623401,0.48530910064731037,0.7782888467207323,0.4305497168960839
1054,0.2706175403958627,0.8019933250868984,0.46292354661978474,0.8419484857299816
676,0.19316846461050463,0.5305102739756673,0.9008289787274181,0.010719187232741012
677,0.6938895756907173,0.37866798692959536,0.28172050004688376,0.8127693083287031
865,0.17685116629790398,0.9453368074261815,0.07404212315927683,0.973746376863788
935,0.061766396950401425,0.019159854089337958,0.0619886750058688,0.27018288206580166
827,0.8330987438873555,0.811638576092267,0.5502699140608273,0.31285688610959306
1092,0.6707535020341739,0.9899777532002695,0.11233860303475762,0.6023415903676155
908,0.8387173353861569,0.5485591710883782,0.056447962243159844,0.26858878494997995
858,0.8760572967520853,0.15508753418561394,0.4551599085222653,0.802681768707869
921,0.7437206759552932,0.18436613559904969,0.22986701210640037,0.3411606617522679
1023,0.08054112652605172,0.3863084235942308,0.10134675758666478,0.5653482132691416
1022,0.7094315984668538,0.5151006174716997,0.5563782097905768,0.20329755999592214
758,0.27881961002572875,0.40672447733928097,0.6912235392888278,0.7130579449052803
951,0.6529431766479405,0.027029287081056674,0.5030370839824478,0.4186831306401573
791,0.11671346423499185,0.0007453192624515825,0.6685724853538473,0.21634352875199336
1174,0.7910824394867332,0.8534954650898562,0.9844693742682548,0.9079745563020878
1155,0.45772014348536894,0.6572583991411959,0.6885350044766818,0.1255094086295807
1232,0.08183371726990141,0.4066102257661671,0.9610716328261896,0.8780663467730996
925,0.7094923852038725,0.3124435025865946,0.5073386086041939,0.9982606180340957
1088,0.6943770982926173,0.5846664498540638,0.8008388328275835,0.8168905787638732
926,0.7440453026817705,0.10819933527861747,0.7478036998587639,0.3234095876704326
876,0.6019742631150553,0.42425946251785995,0.2779733763150587,0.1578793256813944
1194,0.6498521694732448,0.8615435994465392,0.25923336093402805,0.01553316667336091
1172,0.7243098042157968,0.9331997823320092,0.11354276334956881,0.037859057427174325
810,0.8155113192338598,0.8921039867408829,0.5808411768252643,0.22462520367047845
807,0.5032889000179672,0.11834318089484896,0.877060946048095,0.9281611327389621
957,0.22715606509803887,0.43050181838819257,0.6492288406293256,0.7680979213534395
689,0.32725847615259807,0.9300280537877664,0.5394439609094517,0.1591535262555387
665,0.5389302289627402,0.7834094864142382,0.27739424953047254,0.9240805875549618
893,0.7274586920239033,0.4065537121249022,0.23658362808544364,0.5165562225317769
664,0.7565126713575294,0.8027103204084062,0.7250772820295828,0.07505001896271768
1221,0.6167848729003171,0.851408547766788,0.49173450366538485,0.35822137777422614
1220,0.3136324366328549,0.0492358795255845,0.710440395431317,0.7434950137628068
1107,0.8575142435832626,0.3442046564950795,0.41216192196932766,0.7908609131040139
1216,0.9134450140705408,0.8140399385914485,0.6937319278046278,0.3602146302558259
1063,0.938953848344392,0.7936855433754211,0.1859621798237414,0.20526574755875482
829,0.9953780261772018,0.7698628661960383,0.03315593965171171,0.20367978369657258
848,0.18828629436767041,0.8370388702588731,0.21220350542534228,0.8192802170126803
849,0.3398475835178484,0.18779312533068548,0.80354029259708,0.18686123133389987
1148,0.20192077621456084,0.9381970824718903,0.21887864433220205,0.4016984223561916
940,0.4822074644585306,0.14891788552901453,0.7163396096124179,0.8486640367114513
1140,0.11503544198556415,0.7957666107234933,0.4650714328181752,0.6125644105019248
1215,0.5796366769615628,0.44601455458585193,0.4388806629446056,0.15064301320965778
760,0.37292175463891164,0.27591199515372045,0.3785977059361161,0.9060787195305869
1049,0.8424454919904109,0.7100871426743821,0.3617069352711233,0.45485035524739237
944,0.41647863146542685,0.5874806616846182,0.17130068768811646,0.16426082177753176
739,0.2319335338782723,0.5423487646400151,0.7006868192501233,0.03133925660932391
1043,0.25778985211459227,0.673443972645349,0.8321921954823676,0.6012297828757076
1235,0.5591759234791179,0.5076178757747295,0.5104653398160099,0.9277976324618812
877,0.6016088407453503,0.9927480998697441,0.4908568737796325,0.7118670893809896
690,0.7736890983104406,0.2163006886020118,0.7867793218775774,0.5825182223965184
1070,0.4771499430291446,0.8836478908252482,0.6943316217850815,0.8751720017510607
767,0.15547584240505052,0.7583307759774207,0.9759275657224715,0.7394852474794674
1081,0.31251333863217645,0.9320453603068827,0.26860199031503185,0.7824817780428651
1124,0.8173955206051622,0.03461845244721107,0.9036575162582787,0.45577418351670995
1139,0.9736814645483407,0.9429359505025029,0.17002901400814652,0.20370540237591084
759,0.14135689373697924,0.3104552985127712,0.6434227616142272,0.5783872559420713
890,0.8684221567990493,0.26463771325045926,0.3301966147704063,0.9040560962410211
985,0.7582527791224216,0.2578326189906507,0.29602260265981695,0.4997397683145177
793,0.2471142116338504,0.34938657358729663,0.6634069236773134,0.7564551571547475
1193,0.9740318900784253,0.6594003376476458,0.9427857855583963,0.5583844527044034
1027,0.7903611633219365,0.20887185614042136,0.47722238344639645,0.19002456137182988
1032,0.4758427632856259,0.49129444476404394,0.20970024905419482,0.7377893699368812
714,0.03149271482704319,0.8827029015869167,0.16460818454175263,0.9055364748588919
1005,0.5890635769398241,0.9679948715714064,0.756723073357421,0.6222448056606507
712,0.27938813376747285,0.6811942035427198,0.03260102459701242,0.3748637384875755
870,0.4493911274743314,0.7573316478281007,0.16174488253209518,0.20958833069904614
653,0.22344081471089883,0.4035804989961518,0.05268572109473302,0.4413217475949489
1097,0.07927386461671282,0.8328937854708626,0.8908535717194653,0.9978773693242935
1019,0.7811061252165024,0.19847588641426672,0.1708097879671463,0.30104755625447965
843,0.05501799892649939,0.0834698020403618,0.335698901384611,0.34596190938336435
702,0.4811772681670886,0.9724219189113543,0.9795323231474102,0.6671133156640237
933,0.5426214220661574,0.2291639123157958,0.1848854271872814,0.7839465383043667
1004,0.7089634657151019,0.9139485737170602,0.8180899938914034,0.1684966452793517
990,0.023133379002356458,0.8742585931818005,0.34420858112799535,0.19668181036538346
766,0.07175478938583646,0.8223027415233604,0.4160239264133173,0.967224433065588
859,0.46322107170736027,0.04414645806482753,0.3560734734142529,0.5225143916597592
787,0.6783250639121688,0.5291604338588489,0.3579879846144599,0.2813775619591685
1013,0.7209453325623756,0.3407299794934292,0.2611577329660566,0.5446967120846238
1144,0.7112330998939865,0.32263883377709035,0.7264687008675493,0.2436849258715864
1204,0.5868041091226713,0.7489331298582567,0.4142535802470264,0.7255545004865495
1037,0.09148247601822312,0.8973335154263851,0.9694079848629237,0.5315506323672325
999,0.6065112787436067,0.9775909287782507,0.49110554374523663,0.25700860761580424
675,0.7664065851619791,0.18134275072665718,0.7575064900909206,0.9716176820017387
1051,0.006550079697090316,0.1751674049928985,0.8911719794155343,0.5674672562372738
989,0.2536421793221759,0.060041209441178855,0.6662795317825649,0.11753322830632829
974,0.4037470299184789,0.667293189628346,0.9745043887904663,0.7347939770884017
864,0.38606041174640693,0.39223727755637305,0.25935144496625706,0.6347438179848824
934,0.500698181049472,0.60442288429818,0.8474480235082382,0.487873679909708
923,0.7527719610153392,0.7242940357590865,0.4498860077497745,0.9416566502748309
710,0.5384189631754406,0.1376849696849055,0.5958349931800654,0.053705951792636264
711,0.001978581561907111,0.5893217916256925,0.5686061227939431,0.04207761171413038
640,0.9986959101871187,0.9592404832742675,0.8438840600134099,0.3577459895047632
1147,0.2863193814966696,0.45366686943193035,0.7072380769348866,0.46401480071831014
1084,0.12944251514739602,0.21105963078386425,0.1558475602456839,0.23590195777099954
1035,0.9656294640694367,0.5769380131370748,0.8066885946285961,0.13944878564826857
781,0.11974549275340252,0.35637327204889035,0.688448609776452,0.48408124160387667
729,0.8749010010034999,0.6953401427022521,0.9291597364080303,0.1736780687018904
834,0.7594809569914862,0.7408107348145615,0.5765529084435496,0.5020528252321487
824,0.6592776146235273,0.4008356812952908,0.13931564719287115,0.3587496324058176
700,0.7707114101920088,0.03449209815390897,0.5427969210947227,0.484610452720159
650,0.49745746164243465,0.4741126431390922,0.4057360241089495,0.046330155630055825
956,0.6097422894336199,0.4274252698680687,0.09763569417308926,0.30427737177800596
1153,0.09309310966207751,0.7338874371282562,0.6067405353790495,0.8547830487786348
1146,0.7668656704386587,0.6617345815170314,0.23037100137343836,0.7916553507107025
1183,0.35374215502687,0.7309900282373804,0.0720552413984934,0.25826661180507426
1182,0.5646390127826606,0.22729143964830145,0.7719088043254394,0.046875479946871024
1179,0.6258621965550858,0.9160042601764421,0.07261228300718336,0.029593705476440135
732,0.054117951397315234,0.9955805221480171,0.6714035876378758,0.050986219455171344
1111,0.788789338660039,0.24806801797080058,0.4527094393756067,0.6351141961957769
717,0.09699998822064038,0.032930680575246396,0.544117227723847,0.7961556735370583
647,0.5714496527088426,0.3650980240155869,0.1992963673403494,0.6464141905590431
1110,0.23229744973203248,0.7228399488544168,0.6264869215666178,0.18432923818942415
1083,0.2773984743676414,0.2124396883163875,0.5229383678167753,0.9005013308817633
1237,0.9396239497408966,0.08035101839013647,0.3537424058102583,0.7407123333917662
672,0.7508433721873672,0.7645152370054881,0.6460126085653821,0.25737008797558514
884,0.8269760362528544,0.9369890753589738,0.8052733345474706,0.16492081259256786
669,0.7951889415798304,0.7873784510865051,0.042348887808817404,0.6290819936685883
1225,0.2614582694469154,0.425230570080248,0.26197374668927165,0.9154453486591737
1159,0.5741155704564667,0.39779576193750754,0.9755431134689357,0.7900595374328258
968,0.11253357667347497,0.5748359732478734,0.4478482068809556,0.00478027237487777
1026,0.10238213023241483,0.14554164655339963,0.44998737792343635,0.1888978966278575
920,0.6482647371959891,0.04769240531781094,0.016604925320498953,0.5490075951143671
1112,0.496185450748306,0.2923801882287146,0.4893259765290403,0.6393662185807804
871,0.7025696930565726,0.4410118143381252,0.6843185990901144,0.5462156555124216
937,0.41877387174669944,0.8059618690039234,0.03467529038473349,0.18350723669297497
679,0.07997931511592404,0.4624492347308621,0.24462936861656048,0.30101002622657425
1090,0.12857641024371913,0.15511612979052702,0.8628272899025704,0.24992032752382887
696,0.7742750582132673,0.13217933834981987,0.8323158079528485,0.5851875621600345
972,0.8207935755629265,0.7384733765095092,0.5343653474206365,0.5810692732974927
1162,0.5321440797140718,0.14609593886927408,0.039538748004835145,0.17327751581909556
674,0.44254083147972645,0.5084648961820754,0.6342527484118794,0.07974715123266451
998,0.8915500904308632,0.399175944014165,0.4238460715162088,0.6966139288776708
797,0.4522644094389542,0.8150700723900896,0.45715670116354046,0.28622330043701194
1217,0.34612836469124386,0.49361496874177413,0.33261838705053326,0.43380488030609066
780,0.8618010150530444,0.33768820677964806,0.7893347096852248,0.26075707907862644
1167,0.20100765992821235,0.3798745066871757,0.5407776968845834,0.8431261868806015
986,0.6318865942025189,0.04892052219754073,0.23926531075411117,0.1989166610964308
1042,0.9812660214840255,0.6336304271217346,0.8765876454332714,0.7486113084534176
987,0.14910773718227888,0.22241689114999663,0.08591771876347853,0.8627096385978613
771,0.4800217135653694,0.022049323118094932,0.08222655497082043,0.9804549216598364
1202,0.32509228911181176,0.7643198781268039,0.147176740006574,0.16926190032751987
637,0.1337806187626187,0.45927094962955317,0.6512311895586944,0.19027729958753936
632,0.7377477912251097,0.4883757399447859,0.37849692309765515,0.11710655331862418
954,0.8354381477940781,0.4292289155766629,0.5690530906554967,0.07974754853182209
813,0.6951972411070949,0.5044207732754781,0.49609674175447516,0.6265594069921256
943,0.6380593169174523,0.44689559569029114,0.743133495676591,0.9822833566448324
1154,0.16460097822318387,0.8148242032963522,0.8189812270397665,0.30328387612179797
914,0.27251420239305546,0.3361912525245021,0.37812151566918695,0.7170683818279088
783,0.3822058030473343,0.8433635850330803,0.862327298789811,0.5242976688558784
873,0.10711310778867433,0.5005986460758393,0.04057995081893939,0.30611135309875814
1080,0.37469508819150144,0.4863375137520959,0.8374378797696949,0.10513990935918438
792,0.6869612795750576,0.39890830103599917,0.6846469893917445,0.9606099862959075
880,0.042372779263502136,0.44031214852404177,0.591284624952576,0.8041432179466335
749,0.4448911453596459,0.10814359703969323,0.6208633884178042,0.0811733205414723
1130,0.125848268157846,0.7067463746044204,0.5967435412727948,0.9887345029848356
1189,0.7637138914948378,0.05762636208309235,0.12308713021052209,0.7933771862778692
1125,0.24215328625290256,0.7825991596242706,0.7627245812450167,0.5852819589189184
1177,0.5578051933665131,0.6262079292405924,0.07095667464408983,0.1052740654381985
1012,0.7790470029961473,0.6782687415678238,0.009110879779232417,0.29503296941211765
822,0.26617705621096477,0.5468096176643206,0.8422028710306254,0.2857052552494346
1196,0.09635421953918832,0.8757007784235409,0.8196475005131119,0.1364896107717396
817,0.293088035300638,0.38036706567099865,0.8491638205800686,0.0519504564123866
892,0.31911528037701187,0.4809091271929117,0.5612999294866566,0.578936309366531
863,0.5076346143061782,0.1748274200096711,0.8374700211471513,0.27904332553182065
763,0.029955652480254558,0.9488281238609478,0.2954597060092695,0.543498252676737
707,0.2820456414656882,0.11594038683245433,0.7693936807562282,0.6389518324100782
706,0.4159650736776809,0.5833245156094339,0.6492747188545198,0.5397900994895235
1134,0.8787716229526639,0.8955990941908312,0.895990412666818,0.47716254260101976
889,0.10952886341563328,0.6805230050610512,0.8387753446557101,0.023377831700826524
1145,0.33210335371281674,0.24804715985171966,0.18608379786079732,0.3715488541418486
1123,0.29729057454439867,0.9898326392327379,0.04172372301453264,0.3256988967824064
969,0.6283736853365719,0.9816542349595766,0.6648361429120411,0.9052363554554365
794,0.9392177634447921,0.40718409701943803,0.5584718651973419,0.2435160212946923
735,0.46125728583136016,0.7584824182517526,0.5252526875978646,0.306454827893323
1024,0.3400302789001829,0.32438412668475536,0.1818993703162306,0.7264857469843998
1127,0.4191283563192667,0.8382355331513509,0.47880451062093543,0.3740995242716679
1132,0.024278901580878087,0.6286187557635363,0.9924997308509543,0.6396037909182608
693,0.32544845466010297,0.7393918963254216,0.6751703174277717,0.7499478942686097
1184,0.8365013179979541,0.24779935819262722,0.20674727002302407,0.151072164526598
983,0.7880904360335836,0.7375514857817923,0.17926782788907547,0.08957997866868306
811,0.4938678276859816,0.8984605901189375,0.6550238305548826,0.9592581934044089
1129,0.04520275667262641,0.8349162469242584,0.4739272674119467,0.19710587851499595
1079,0.5530594984685344,0.5101737438984826,0.27821392487411,0.199281699169229
899,0.3782721632371927,0.7104729004295453,0.7060895215970104,0.3538307069536065
919,0.8865608630472634,0.14375441888567175,0.7978612003741475,0.8468721745219505
1057,0.9712556093334141,0.47661521060245204,0.48128013220381716,0.2873686621740704
761,0.21112110284298702,0.4382934320653836,0.9315841488620282,0.8562737977885305
1055,0.8944952293903587,0.6455255676827858,0.9934558727265489,0.1866628914430768
1040,0.37143300812226443,0.9571041594417976,0.15816934323833698,0.6592029505133374
1200,0.903541870609349,0.6632166442021068,0.8877936300224046,0.32939251083909016
866,0.8719958045612256,0.9798673873696208,0.6768619375481005,0.40134215328375145
671,0.8178250196765382,0.873292549703411,0.3616584767898673,0.18585116057331919
867,0.33371720431666874,0.5884769860088749,0.8976600780070879,0.9001510475508592
691,0.359207699433833,0.6379958192109212,0.36611049150552055,0.10908573155523527
805,0.4880928515705738,0.9003771824763117,0.03962608003577739,0.46483115411185094
1066,0.7407345580208653,0.6466475597950387,0.8626952557315115,0.8148268738711616
697,0.8927119715877362,0.2047614770204138,0.7745973883780839,0.4388403750931862
680,0.5707970192919645,0.8148087160371345,0.7848341544748515,0.5551577190093058
962,0.30127230754209056,0.025180553157309715,0.34638213161453324,0.418085675423268
692,0.1253125802575823,0.09415739392480305,0.42998709759396947,0.6005953641738104
913,0.5937722628142811,0.41499951680188596,0.443778629874356,0.9036958072037928
800,0.7440286013855444,0.03845586845766391,0.015949008921216312,0.19795323370453943
743,0.28373495972635554,0.7422171675307798,0.13501974749972745,0.7228765423918054
631,0.07435877447459627,0.860084282780114,0.832729241365479,0.6758038082696698
861,0.7161092843010266,0.047519205169291756,0.013886035619842696,0.6856214387324816
753,0.21442665858678722,0.9483299152250958,0.8797135964393756,0.7193779736058412
1187,0.731989570227604,0.9371033060070101,0.539797075723773,0.8968993315457879
754,0.3370270647927943,0.7104937655663521,0.18623017655631224,0.36090360816636113
967,0.8195894217956969,0.5034111041251634,0.1931428933777256,0.5404862305474647
927,0.8789925850896966,0.47001814633756434,0.8502465221838622,0.603384377116799
1036,0.8804215260171904,0.20114189068272137,0.4888754793200718,0.7658278575512786
980,0.1851670385816382,0.8726474045035558,0.09060959990763195,0.49891455258240547
782,0.40383201795492585,0.22794969368755502,0.32157912980380565,0.543063214485962
929,0.23019211732777856,0.6294653424983049,0.3442876736468432,0.9484462378647155
912,0.4728704838732467,0.7957405272547522,0.4401072741433846,0.41885624616770156
1030,0.37858645563104354,0.8471464298891577,0.4159470847630016,0.5279848670369083
1160,0.6478329841588365,0.7144779807610877,0.6181737196168183,0.9641916924030378
1120,0.544523941442147,0.7263749556363327,0.3699044371795177,0.7082084050708677
777,0.09032362153421636,0.7051119992343656,0.2956556532755037,0.5545178796692279
681,0.9681932672276039,0.4116517569295749,0.25639515328810947,0.49209203419569447
907,0.6900745912272558,0.03639650902105562,0.4933205951653301,0.23449152748874924
904,0.00511268552012667,0.41066710953272245,0.6724704127975195,0.39543539808628947
854,0.11122139150374577,0.06669144696156781,0.9265719694991413,0.9876106487174399
795,0.9065383824575803,0.708428802379794,0.21414491640698186,0.5146239659537075
1073,0.5661769325515842,0.25850154791011215,0.050094595284181365,0.20626288303100626
667,0.17486679944094563,0.4569250022621628,0.9562789815816313,0.10924051596288264
687,0.889558362209701,0.2619569620552339,0.19422736216610914,0.6709154506766344
852,0.33054393801809634,0.7118583552608437,0.2818819440474055,0.9436310845339011
1161,0.8621641251717062,0.6844921860366971,0.5164774865348084,0.7906820777060818
853,0.519721433523788,0.05962824553506296,0.43437695064451187,0.21875406681752974
720,0.23830992776524695,0.4943339380158782,0.7444796068661651,0.4378134815860891
1086,0.402087053361718,0.22455586481538126,0.73769002126547,0.40198305019678815
1009,0.7526128720322499,0.096188583847019,0.12285847762540114,0.38482331691032146
1087,0.06448664538772886,0.4879153723181715,0.4655836204803009,0.20421435535644183
909,0.9063361154331319,0.7083580312463271,0.5156160032092947,0.9261401587302632
641,0.7863187481742875,0.9843805982516967,0.7974960750275204,0.4987201606830227
1164,0.2312939232315142,0.18572515901407438,0.16644408804025457,0.1200336881480818
1034,0.3155088647710568,0.3886622972556081,0.3470364670942184,0.3808139396961343
704,0.5006146285258769,0.14602342964691173,0.08179228011927753,0.33134672386931774
1062,0.9701549315851719,0.44277193888320854,0.9471088010147335,0.23520778761294325
1173,0.49277309037075356,0.7753185765080495,0.42922418718925814,0.8026049144279309
869,0.09914895437878735,0.6375218341951624,0.12988719211666577,0.5948977935325276
1226,0.2757467082291595,0.7770770526058012,0.06037615789611461,0.816683998606948
748,0.15252388476265177,0.22894200332699333,0.16994025239058586,0.9514039707098514
1207,0.10368391828757562,0.2873594910987841,0.06922750723773818,0.5237383165726228
970,0.6026180715810701,0.8239666690988537,0.21513845450581837,0.9527655541191455
965,0.4872593210910694,0.5017808735385899,0.16274280951688525,0.5282637974344576
799,0.37347359935958524,0.14736956654895084,0.14875583927051517,0.9807432218858698
917,0.36120172041854437,0.3158874060483071,0.08092037897271875,0.9528878710476048
1031,0.002819331266680214,0.9976728815490536,0.662652945570349,0.8624397422598634
724,0.9642926529868292,0.4017321685174139,0.6825100744533521,0.5017378298564769
648,0.7586439507080122,0.20352036421065445,0.46232121225830325,0.11718203815928674
733,0.645791400929619,0.44070156716374753,0.11999208332369804,0.5692916275826974
1041,0.045059452876806794,0.5244409260350189,0.6434819894560422,0.489080146053823
894,0.7880274683353069,0.5668422729374515,0.16751459086280684,0.20520395951960657
662,0.5533181190241804,0.5465179745206984,0.23151412710791497,0.4851964055504039
663,0.6444911256279442,0.40555353438478237,0.3084265759537884,0.3494776168329452
994,0.24367042117297177,0.08713086326314856,0.9120486480513399,0.7925421303700603
816,0.8920852336994011,0.28757411134140887,0.15777789036180434,0.8892487182376763
1033,0.6439059351259714,0.34538082889694155,0.6156527826593443,0.5105298513478267
1163,0.7987835211643598,0.7539668456772687,0.8305467038521535,0.05113582182395837
879,0.6069577529080172,0.44467618800430786,0.7627505732863653,0.48940435095123225
898,0.23913416281784916,0.45612009134535914,0.4620940487612346,0.06291416468888955
806,0.4346773961744148,0.9320694098625073,0.40845822202636695,0.5216473478105265
1158,0.5920279514239808,0.0938766077378389,0.6004097049230723,0.37647223655584316
790,0.16628259020617553,0.754047637871048,0.4852633849109478,0.1711695608035767
774,0.5938222128924763,0.07479597729070975,0.42349643332775255,0.35868510304528356
902,0.6000471792688534,0.630516783000859,0.8236688985080655,0.8111112280268394
1114,0.3183764717963107,0.8231860924981851,0.6596175638924202,0.31573403683458934
915,0.19384239090417443,0.6524713848611278,0.17283908438936912,0.17284256698677936
1149,0.5629729414263631,0.3562920132730669,0.7526177123809688,0.18143184629414089
651,0.24256868778146912,0.838073615081501,0.9236374713150685,0.27743246116335085
673,0.5073718285062275,0.6022539652747239,0.8886335028640628,0.5484335868211275
857,0.33984247608385454,0.10053981442083737,0.08362453211075505,0.6505226895066958
789,0.638289229913196,0.7525840078160095,0.6662908048899122,0.03639377619534123
722,0.6203270611516797,0.7899201250683542,0.6296856476231868,0.9550665651516456
964,0.5082617977188586,0.6399734325691463,0.752841248440482,0.2736954158400319
971,0.19133457273506538,0.5009352550772231,0.5723596504022249,0.3336998178138104
1058,0.6571402124615556,0.7866670381306131,0.9713701577988948,0.2622334273457476
1211,0.8505930835219977,0.0475828051161199,0.7147175531445809,0.1612802099069388
1044,0.5583167323022132,0.44939151076437844,0.2537265272761411,0.8306942388430347
930,0.43508582746932867,0.7858248992491693,0.6187204167648943,0.061058172165591174
709,0.7037814502714348,0.22734893255684674,0.9858456411224279,0.7385964384381182
1170,0.431646306980481,0.6985520341358069,0.7577446457854304,0.8934757486817801
931,0.45574605254371714,0.9310069171201507,0.6981556221361639,0.4787916693050629
978,0.9572839815347961,0.6857633742441958,0.3250373245469913,0.6897320329992875
903,0.1310470728556823,0.9244098585746915,0.8609709765304379,0.9019034033925858
660,0.7772622713632253,0.25500267074283367,0.5542028866907506,0.568171331299425
1223,0.9228011211759058,0.15934573143553465,0.034953475077469265,0.23898914970856888
686,0.8462443730586503,0.06487321200312046,0.8171928786463055,0.0878846466766735
1178,0.6668304079537806,0.7966064163761781,0.26833934032554185,0.7239209420028145
844,0.3216996186529625,0.15643672305586243,0.4897130524572918,0.06826148781335828
1208,0.9730335999068228,0.6610282989928071,0.6032816263352161,0.32090130848413867
728,0.8477845804647478,0.006573076078517537,0.903456660771001,0.48747914662563807
809,0.43277583707145395,0.28397584926183017,0.5505863144816596,0.9490672440311254
1199,0.45568411776627704,0.1238367793863171,0.042258555640062756,0.6454770152824338
1198,0.07293942671398468,0.2601158669050081,0.7692671875702487,0.24552154167036
1113,0.23901170616905332,0.3132998948371004,0.09971584555264135,0.850671784216348
1003,0.8644744848168763,0.2870506153906106,0.37966164675849157,0.6482220291920604
1002,0.8026679476698129,0.6883050390117771,0.1806982110926284,0.4130958589710001
670,0.2524220613429097,0.04517605444484574,0.8352913852593472,0.4921099505178579
1190,0.8868607531624081,0.4510913427117371,0.5482896618280682,0.7029870125933694
819,0.35744055454247736,0.27550027365241847,0.40480668508450135,0.5229528743040184
1201,0.04037071665207104,0.3047990748784285,0.7659051189273791,0.27182509123991316
1218,0.9167569815373092,0.1569937069980608,0.2367381432709471,0.988637599164446
1142,0.05165768812139093,0.11233456772075345,0.4866274371591809,0.4062996233255288
1143,0.816937992619777,0.5862130766136422,0.2049693711534516,0.8125969763387152
1133,0.10985809148502856,0.6080454336421036,0.7550670761488701,0.9962435427959995
1197,0.8962263827634441,0.47989881251549127,0.6365802717202425,0.6800593317604817
1021,0.9500625923398476,0.6980975983904766,0.9882553867070505,0.3988639245430331
860,0.18168318717030718,0.5682393237342396,0.16976219973097273,0.6087205300132112
905,0.5696779466918369,0.08534613593680263,0.09096228572655007,0.26329377017038347
716,0.7050121902110064,0.6233542763545373,0.27903847629323153,0.05303012045392308
1047,0.28600388181020864,0.619379058015049,0.29477030257711634,0.47809735315690527
1117,0.8425674119433765,0.7454635489054701,0.24350181697933126,0.27951773916551614
1126,0.7647325470835711,0.11107637319309804,0.21371502521327002,0.9848620424156213
694,0.28910684282953936,0.6196976114191951,0.33051139307048494,0.7730777661860339
939,0.3365548079338204,0.862244643966166,0.5477911458038608,0.24027991896370282
973,0.015113128204345183,0.9544876129762744,0.9864891588195981,0.3521723802112433
784,0.6896817099757494,0.8976637662328532,0.6506009083603251,0.4502469315352151
1209,0.6580581881638073,0.24926248193682954,0.4142473668155432,0.4252801347701106
832,0.5566423732817416,0.9008282366830536,0.12465486758029043,0.8021545334794414
833,0.3007170595538263,0.9570620005785655,0.8692532668926332,0.30057948441389026
1222,0.9629079365523409,0.6062922295441175,0.37137197064031036,0.8529250198654852
1157,0.39441903772980746,0.02150548428747734,0.05592597124984444,0.4737477571663602
1069,0.8419782564810201,0.37516731890490906,0.97818588575558,0.45360224544014427
1212,0.8743340460804968,0.75292144411029,0.40586522599743724,0.05900987193670315
778,0.1761993894344489,0.7511459276205568,0.3691996293767935,0.09762623906877732
1213,0.05833999688363922,0.048146381823251705,0.9939204226575797,0.14397608261249417
656,0.4742104004974177,0.28818150790430075,0.8719672295472691,0.1451858624649377
