,img_id,fuel,parking,restaurant,transport
0,4209,0,1,0,0
1,825,0,0,1,0
2,2640,0,0,1,0
3,845,0,0,0,1
4,915,0,0,0,1
5,180,0,0,1,0
6,226,1,0,0,0
7,1915,0,0,0,1
8,2163,1,0,0,0
9,3992,1,0,0,0
10,3502,1,0,0,0
11,2009,0,0,1,0
12,3519,0,1,0,0
13,3049,0,1,0,0
14,676,0,0,0,1
15,14,0,0,0,1
16,1253,0,0,0,1
17,3147,0,0,0,1
18,1894,1,0,0,0
19,1404,1,0,0,0
20,1676,0,0,0,1
21,253,0,0,0,1
22,4197,1,0,0,0
23,3056,1,0,0,0
24,1220,0,0,1,0
25,2381,0,0,0,1
26,86,1,0,0,0
27,1603,0,1,0,0
28,2160,0,0,0,1
29,1150,1,0,0,0
30,245,0,0,1,0
31,2590,0,0,1,0
32,3057,1,0,0,0
33,2997,0,0,0,1
34,3808,1,0,0,0
35,773,1,0,0,0
36,2650,1,0,0,0
37,2719,0,0,0,1
38,3809,1,0,0,0
39,2184,0,0,1,0
40,1469,0,0,1,0
41,2651,1,0,0,0
42,4105,1,0,0,0
43,2980,0,0,0,1
44,4363,1,0,0,0
45,149,1,0,0,0
46,1197,0,1,0,0
47,321,0,1,0,0
48,4323,0,0,0,1
49,2756,0,0,1,0
50,1943,0,0,1,0
51,2834,1,0,0,0
52,917,1,0,0,0
53,1241,0,1,0,0
54,2027,0,0,0,1
55,438,0,1,0,0
56,2402,0,0,0,1
57,1059,1,0,0,0
58,1336,0,0,1,0
59,4152,0,1,0,0
60,1058,1,0,0,0
61,346,0,0,1,0
62,1673,0,1,0,0
63,2397,1,0,0,0
64,3425,0,0,0,1
65,1661,0,0,0,1
66,1497,1,0,0,0
67,1737,0,0,1,0
68,3900,1,0,0,0
69,148,0,0,0,1
70,2922,0,0,1,0
71,4284,0,1,0,0
72,3901,1,0,0,0
73,1496,1,0,0,0
74,2619,1,0,0,0
75,922,0,1,0,0
76,3873,0,1,0,0
77,2618,1,0,0,0
78,841,0,0,1,0
79,1947,1,0,0,0
80,1134,0,1,0,0
81,3488,0,0,1,0
82,4243,0,0,1,0
83,2717,0,1,0,0
84,3105,0,1,0,0
85,3279,1,0,0,0
86,3272,0,0,0,1
87,1036,0,0,0,1
88,2078,0,0,1,0
89,90,0,0,0,1
90,2978,0,1,0,0
91,3089,0,0,1,0
92,387,0,0,0,1
93,2975,1,0,0,0
94,1920,0,1,0,0
95,234,0,0,1,0
96,3505,0,0,1,0
97,2782,1,0,0,0
98,1244,0,0,1,0
99,2974,1,0,0,0
100,3758,0,0,1,0
101,2913,0,0,0,1
102,4001,0,0,0,1
103,1645,0,0,1,0
104,4045,1,0,0,0
105,3911,0,1,0,0
106,4223,1,0,0,0
107,2711,1,0,0,0
108,1927,0,0,1,0
109,2710,1,0,0,0
110,455,1,0,0,0
111,3803,0,1,0,0
112,942,0,0,1,0
113,4419,1,0,0,0
114,3371,1,0,0,0
115,2767,0,1,0,0
116,3370,1,0,0,0
117,2486,0,0,0,1
118,3406,0,0,1,0
119,589,0,1,0,0
120,1171,0,0,0,1
121,3625,1,0,0,0
122,87,0,0,0,1
123,4181,0,1,0,0
124,3442,1,0,0,0
125,1723,1,0,0,0
126,2245,1,0,0,0
127,830,0,1,0,0
128,1708,0,0,0,1
129,2022,1,0,0,0
130,2244,1,0,0,0
131,1026,0,1,0,0
132,708,0,0,0,1
133,2946,0,0,1,0
134,439,0,0,0,1
135,2100,0,1,0,0
136,1506,0,0,1,0
137,3242,0,1,0,0
138,1569,0,0,0,1
139,906,0,0,0,1
140,856,0,0,0,1
141,2899,1,0,0,0
142,1856,0,0,0,1
143,3790,0,0,0,1
144,1107,0,0,1,0
145,1112,0,0,1,0
146,162,0,0,1,0
147,3154,0,0,0,1
148,1240,0,0,0,1
149,382,1,0,0,0
150,3421,0,0,0,1
151,3194,0,1,0,0
152,62,0,0,1,0
153,3571,0,0,0,1
154,4098,0,0,1,0
155,4160,0,1,0,0
156,2392,0,0,0,1
157,2592,1,0,0,0
158,568,0,1,0,0
159,2903,1,0,0,0
160,3980,0,1,0,0
161,2984,0,0,0,1
162,4096,0,0,0,1
163,2572,0,0,1,0
164,1408,0,1,0,0
165,4348,0,0,1,0
166,1839,1,0,0,0
167,2766,1,0,0,0
168,4081,0,0,0,1
169,645,1,0,0,0
170,2500,1,0,0,0
171,4330,0,0,0,1
172,4260,0,0,0,1
173,363,0,1,0,0
174,422,1,0,0,0
175,3351,0,0,1,0
176,2501,1,0,0,0
177,2858,0,0,1,0
178,1011,0,0,1,0
179,1201,1,0,0,0
180,1066,1,0,0,0
181,1200,1,0,0,0
182,2541,0,0,0,1
183,3750,0,0,1,0
184,3434,1,0,0,0
185,3924,0,0,1,0
186,1755,1,0,0,0
187,3909,0,0,0,1
188,3859,0,0,0,1
189,4402,0,0,1,0
190,929,1,0,0,0
191,518,0,1,0,0
192,2964,0,1,0,0
193,722,0,0,0,1
194,1532,1,0,0,0
195,3653,1,0,0,0
196,257,0,0,0,1
197,928,1,0,0,0
198,3436,0,0,0,1
199,2542,0,1,0,0
200,4003,0,0,1,0
201,2054,1,0,0,0
202,2232,1,0,0,0
203,2464,0,0,1,0
204,1128,0,1,0,0
205,3480,0,0,1,0
206,3927,0,0,0,1
207,250,1,0,0,0
208,507,0,0,1,0
209,960,0,1,0,0
210,279,0,0,0,1
211,329,0,0,0,1
212,2114,1,0,0,0
213,251,1,0,0,0
214,2372,1,0,0,0
215,3548,0,0,0,1
216,1176,0,1,0,0
217,1426,0,1,0,0
218,3644,0,0,0,1
219,13,0,0,1,0
220,1175,0,0,0,1
221,1614,1,0,0,0
222,189,0,1,0,0
223,3637,0,0,1,0
224,400,0,0,0,1
225,550,0,0,0,1
226,1394,0,0,0,1
227,3080,0,0,0,1
228,869,1,0,0,0
229,3588,0,1,0,0
230,1615,1,0,0,0
231,1126,1,0,0,0
232,3843,0,0,1,0
233,562,1,0,0,0
234,2516,0,0,1,0
235,2850,0,0,0,1
236,4265,0,1,0,0
237,2900,0,0,0,1
238,2626,1,0,0,0
239,1979,1,0,0,0
240,404,0,0,1,0
241,4172,1,0,0,0
242,659,0,0,1,0
243,2578,0,0,0,1
244,2428,0,0,0,1
245,1474,0,0,1,0
246,4173,1,0,0,0
247,3168,0,0,1,0
248,2674,0,0,0,1
249,1228,0,0,1,0
250,2301,0,0,0,1
251,2251,0,0,0,1
252,2275,0,1,0,0
253,258,0,0,1,0
254,961,1,0,0,0
255,4309,0,0,0,1
256,4259,0,0,0,1
257,1547,0,0,0,1
258,2001,0,0,1,0
259,3326,0,0,0,1
260,94,0,0,0,1
261,2186,1,0,0,0
262,3955,0,0,1,0
263,3940,0,0,1,0
264,1928,0,0,0,1
265,454,0,1,0,0
266,104,0,1,0,0
267,3930,0,0,0,1
268,3860,0,0,0,1
269,3977,1,0,0,0
270,1870,1,0,0,0
271,3781,1,0,0,0
272,1848,0,0,1,0
273,1995,0,0,0,1
274,1289,0,0,0,1
275,972,0,0,0,1
276,822,0,0,0,1
277,740,0,0,1,0
278,3284,0,1,0,0
279,1578,0,0,1,0
280,1163,0,1,0,0
281,138,0,0,0,1
282,1068,0,0,0,1
283,1725,0,0,1,0
284,2059,0,1,0,0
285,3470,0,0,1,0
286,4320,1,0,0,0
287,3120,0,0,0,1
288,1364,0,0,0,1
289,1179,0,0,1,0
290,73,0,0,0,1
291,3087,1,0,0,0
292,4146,1,0,0,0
293,3291,0,0,0,1
294,2210,0,1,0,0
295,3638,0,0,1,0
296,1815,0,1,0,0
297,109,0,0,1,0
298,4147,1,0,0,0
299,185,0,0,0,1
300,638,1,0,0,0
301,431,0,1,0,0
302,2,0,0,0,1
303,1844,1,0,0,0
304,1845,1,0,0,0
305,1687,0,1,0,0
306,2622,0,1,0,0
307,3942,1,0,0,0
308,4413,1,0,0,0
309,988,0,1,0,0
310,4353,0,0,0,1
311,4203,0,0,0,1
312,2744,0,0,1,0
313,4270,0,1,0,0
314,934,0,0,1,0
315,921,0,0,1,0
316,2519,0,0,1,0
317,3172,0,0,1,0
318,3541,1,0,0,0
319,3727,1,0,0,0
320,2769,0,0,0,1
321,1633,0,0,1,0
322,3726,1,0,0,0
323,3540,1,0,0,0
324,2535,0,0,0,1
325,1088,1,0,0,0
326,76,0,1,0,0
327,2346,1,0,0,0
328,4048,0,0,0,1
329,223,0,0,0,1
330,2613,1,0,0,0
331,373,0,0,0,1
332,730,1,0,0,0
333,1238,0,1,0,0
334,756,0,0,0,1
335,593,0,0,1,0
336,64,0,0,0,1
337,1898,0,1,0,0
338,3137,0,0,0,1
339,2612,1,0,0,0
340,731,1,0,0,0
341,2302,0,1,0,0
342,4049,0,1,0,0
343,2474,1,0,0,0
344,192,0,0,0,1
345,1907,0,1,0,0
346,1835,0,0,0,1
347,4220,0,0,1,0
348,1235,1,0,0,0
349,628,0,0,0,1
350,3332,1,0,0,0
351,2954,0,0,1,0
352,3119,0,0,0,1
353,306,0,1,0,0
354,1628,0,0,0,1
355,579,0,0,1,0
356,656,0,1,0,0
357,1052,1,0,0,0
358,3000,0,0,1,0
359,3649,0,0,1,0
360,671,1,0,0,0
361,3181,0,1,0,0
362,887,1,0,0,0
363,2534,1,0,0,0
364,886,1,0,0,0
365,416,1,0,0,0
366,670,1,0,0,0
367,1491,0,0,1,0
368,2169,0,0,1,0
369,2901,0,1,0,0
370,2061,1,0,0,0
371,2747,0,0,0,1
372,945,0,0,1,0
373,1761,1,0,0,0
374,4347,0,0,1,0
375,1085,0,0,1,0
376,3891,1,0,0,0
377,3401,1,0,0,0
378,3667,1,0,0,0
379,4136,0,0,0,1
380,3335,0,1,0,0
381,2857,0,0,1,0
382,2295,1,0,0,0
383,2833,0,0,0,1
384,4194,0,0,1,0
385,1256,0,0,1,0
386,1594,1,0,0,0
387,2750,0,0,0,1
388,778,1,0,0,0
389,4007,1,0,0,0
390,1116,0,0,0,1
391,463,0,0,0,1
392,3777,0,0,0,1
393,1533,0,0,0,1
394,3508,1,0,0,0
395,3998,1,0,0,0
396,4251,0,0,1,0
397,2936,1,0,0,0
398,485,1,0,0,0
399,1186,0,0,1,0
400,815,1,0,0,0
401,3509,1,0,0,0
402,4019,0,0,1,0
403,1836,0,0,1,0
404,814,1,0,0,0
405,3487,0,0,1,0
406,208,0,1,0,0
407,3345,1,0,0,0
408,2463,0,0,1,0
409,1242,1,0,0,0
410,1471,0,1,0,0
411,397,0,1,0,0
412,4350,0,1,0,0
413,3894,0,0,0,1
414,44,0,1,0,0
415,606,1,0,0,0
416,3446,0,0,0,1
417,1227,0,0,0,1
418,1377,0,0,0,1
419,3133,0,0,0,1
420,2077,0,0,1,0
421,2062,0,0,1,0
422,602,0,0,0,1
423,3979,0,0,0,1
424,3282,0,0,0,1
425,3923,0,0,1,0
426,3936,0,0,1,0
427,473,0,1,0,0
428,2271,1,0,0,0
429,2461,0,0,0,1
430,2531,0,0,0,1
431,3742,0,0,1,0
432,4189,0,0,1,0
433,1935,0,1,0,0
434,4179,1,0,0,0
435,3072,0,1,0,0
436,3356,0,0,1,0
437,1716,1,0,0,0
438,4340,0,0,0,1
439,1570,1,0,0,0
440,855,0,1,0,0
441,2848,1,0,0,0
442,1402,0,0,1,0
443,1717,1,0,0,0
444,1151,0,1,0,0
445,1401,0,1,0,0
446,1098,0,0,1,0
447,3329,0,1,0,0
448,3185,0,0,1,0
449,561,0,1,0,0
450,2526,0,0,0,1
451,3875,1,0,0,0
452,2053,0,0,0,1
453,1972,1,0,0,0
454,569,1,0,0,0
455,1973,1,0,0,0
456,3160,0,1,0,0
457,4169,0,1,0,0
458,3835,0,0,1,0
459,2379,1,0,0,0
460,3451,0,0,0,1
461,77,0,0,0,1
462,3074,0,0,0,1
463,3124,0,0,0,1
464,1360,0,0,0,1
465,153,0,1,0,0
466,3409,0,0,1,0
467,1181,0,0,0,1
468,338,0,0,1,0
469,181,0,0,0,1
470,3255,0,0,1,0
471,2941,1,0,0,0
472,862,1,0,0,0
473,3199,0,0,0,1
474,694,1,0,0,0
475,2949,0,0,1,0
476,1033,0,1,0,0
477,564,0,0,1,0
478,826,0,0,0,1
479,3719,1,0,0,0
480,571,0,0,1,0
481,1449,0,0,0,1
482,695,1,0,0,0
483,1519,0,0,0,1
484,863,1,0,0,0
485,1479,1,0,0,0
486,2459,0,1,0,0
487,3718,1,0,0,0
488,3658,1,0,0,0
489,4060,0,0,1,0
490,923,1,0,0,0
491,2407,0,0,1,0
492,3296,1,0,0,0
493,1884,0,1,0,0
494,4357,1,0,0,0
495,2821,0,1,0,0
496,1774,0,1,0,0
497,3493,0,1,0,0
498,4356,1,0,0,0
499,1467,0,0,0,1
500,2006,0,0,1,0
501,3934,1,0,0,0
502,4229,0,0,0,1
503,2943,0,1,0,0
504,2371,0,0,0,1
505,1789,0,1,0,0
506,428,1,0,0,0
507,4198,0,0,0,1
508,2458,0,0,0,1
509,4125,0,0,0,1
510,4075,0,0,0,1
511,2967,0,0,0,1
512,2035,0,1,0,0
513,403,0,0,1,0
514,4176,0,0,1,0
515,1657,1,0,0,0
516,2908,1,0,0,0
517,994,0,1,0,0
518,2759,0,0,1,0
519,3537,1,0,0,0
520,1656,1,0,0,0
521,2970,0,0,0,1
522,1254,0,1,0,0
523,2366,0,0,0,1
524,2743,0,0,0,1
525,2157,1,0,0,0
526,521,1,0,0,0
527,691,0,0,0,1
528,3341,0,0,0,1
529,470,0,0,0,1
530,520,1,0,0,0
531,101,0,0,1,0
532,3634,0,0,0,1
533,1209,0,0,0,1
534,3062,1,0,0,0
535,1359,0,0,0,1
536,1303,1,0,0,0
537,1165,1,0,0,0
538,3204,1,0,0,0
539,2088,0,0,1,0
540,209,0,0,0,1
541,3538,0,0,0,1
542,389,1,0,0,0
543,969,0,1,0,0
544,3205,1,0,0,0
545,3063,1,0,0,0
546,3807,0,0,0,1
547,1738,0,0,1,0
548,699,0,1,0,0
549,966,0,0,0,1
550,570,0,0,1,0
551,565,0,0,1,0
552,3096,0,1,0,0
553,2948,0,0,1,0
554,3366,1,0,0,0
555,1007,1,0,0,0
556,1966,0,0,0,1
557,508,0,1,0,0
558,3254,0,0,1,0
559,3238,0,0,0,1
560,1515,0,0,1,0
561,459,0,0,0,1
562,1260,1,0,0,0
563,3101,1,0,0,0
564,3367,1,0,0,0
565,1509,0,0,0,1
566,1006,1,0,0,0
567,3064,0,0,0,1
568,2706,1,0,0,0
569,211,0,1,0,0
570,3441,0,0,0,1
571,3511,0,0,0,1
572,2707,1,0,0,0
573,442,1,0,0,0
574,3285,0,0,0,1
575,1858,1,0,0,0
576,2552,0,1,0,0
577,3408,0,0,1,0
578,2536,0,0,0,1
579,2466,0,0,0,1
580,3184,0,0,1,0
581,3191,0,0,1,0
582,3222,0,1,0,0
583,2809,0,0,0,1
584,1213,0,1,0,0
585,3585,0,0,1,0
586,4062,0,1,0,0
587,4106,0,0,1,0
588,3455,1,0,0,0
589,3342,0,0,1,0
590,3357,0,0,1,0
591,1368,1,0,0,0
592,1148,0,1,0,0
593,2104,0,0,0,1
594,3743,0,0,1,0
595,4188,0,0,1,0
596,2521,0,0,0,1
597,2471,0,0,0,1
598,2072,0,1,0,0
599,4339,0,1,0,0
600,1587,0,1,0,0
601,1950,1,0,0,0
602,3857,1,0,0,0
603,70,0,0,0,1
604,612,0,0,0,1
605,2076,0,0,1,0
606,1612,0,0,0,1
607,4235,1,0,0,0
608,237,0,0,0,1
609,367,0,0,0,1
610,3922,0,0,1,0
611,4052,1,0,0,0
612,1094,1,0,0,0
613,971,0,0,0,1
614,2794,1,0,0,0
615,821,0,0,0,1
616,2795,1,0,0,0
617,3884,0,0,0,1
618,585,0,1,0,0
619,4010,0,0,1,0
620,2838,0,1,0,0
621,2089,0,0,1,0
622,3078,0,0,1,0
623,900,1,0,0,0
624,590,1,0,0,0
625,1349,0,0,0,1
626,1739,0,0,1,0
627,3045,0,1,0,0
628,3699,0,0,0,1
629,2939,0,0,1,0
630,3230,0,0,1,0
631,681,0,0,0,1
632,1170,0,0,1,0
633,3595,0,0,0,1
634,3479,0,0,1,0
635,1530,0,0,0,1
636,1338,0,0,1,0
637,100,0,0,1,0
638,115,0,0,1,0
639,1115,0,0,0,1
640,3587,1,0,0,0
641,3916,1,0,0,0
642,3586,1,0,0,0
643,2603,0,0,0,1
644,1481,1,0,0,0
645,1089,0,1,0,0
646,4162,0,0,1,0
647,1958,0,0,1,0
648,2830,0,0,0,1
649,4089,1,0,0,0
650,2380,1,0,0,0
651,4072,0,0,0,1
652,164,0,1,0,0
653,417,0,0,1,0
654,1675,1,0,0,0
655,2377,0,1,0,0
656,1413,1,0,0,0
657,3772,1,0,0,0
658,2827,0,0,0,1
659,499,1,0,0,0
660,4135,0,0,0,1
661,1004,0,1,0,0
662,2175,1,0,0,0
663,3946,0,0,1,0
664,1818,0,0,0,1
665,2493,0,1,0,0
666,3821,0,1,0,0
667,2647,1,0,0,0
668,502,1,0,0,0
669,2421,1,0,0,0
670,2007,0,0,1,0
671,102,0,0,0,1
672,1477,0,0,0,1
673,3216,0,0,0,1
674,1102,0,0,0,1
675,680,0,1,0,0
676,477,0,0,0,1
677,3800,0,0,0,1
678,2406,0,0,1,0
679,3040,1,0,0,0
680,2854,1,0,0,0
681,186,0,0,1,0
682,1825,0,0,0,1
683,4069,0,0,1,0
684,1846,0,0,1,0
685,3880,0,0,0,1
686,836,0,0,1,0
687,3077,0,0,0,1
688,2247,0,0,1,0
689,616,0,0,0,1
690,4303,1,0,0,0
691,233,0,0,0,1
692,1746,0,0,0,1
693,4302,1,0,0,0
694,243,0,0,1,0
695,1018,0,1,0,0
696,5,0,0,0,1
697,3567,0,0,1,0
698,4108,0,0,0,1
699,1233,0,0,1,0
700,3730,0,1,0,0
701,1866,1,0,0,0
702,2598,0,0,0,1
703,657,0,0,1,0
704,2182,0,0,1,0
705,3173,0,0,1,0
706,2191,1,0,0,0
707,1632,0,0,1,0
708,2779,0,0,0,1
709,2629,0,0,0,1
710,4298,1,0,0,0
711,688,1,0,0,0
712,4322,0,0,1,0
713,920,0,0,1,0
714,2729,0,1,0,0
715,1602,1,0,0,0
716,883,0,1,0,0
717,2364,1,0,0,0
718,2117,0,0,0,1
719,2047,0,0,0,1
720,2344,0,0,1,0
721,2102,1,0,0,0
722,2103,1,0,0,0
723,575,1,0,0,0
724,611,0,1,0,0
725,2495,0,0,1,0
726,2456,1,0,0,0
727,601,0,0,0,1
728,1178,0,0,1,0
729,341,0,1,0,0
730,2630,1,0,0,0
731,1751,0,0,0,1
732,3868,1,0,0,0
733,3471,0,0,1,0
734,374,0,0,0,1
735,712,1,0,0,0
736,195,0,0,0,1
737,4219,0,1,0,0
738,832,0,0,0,1
739,2098,1,0,0,0
740,741,0,0,1,0
741,4391,1,0,0,0
742,1299,0,0,0,1
743,3036,1,0,0,0
744,1832,0,0,0,1
745,1357,1,0,0,0
746,509,0,0,1,0
747,1078,0,0,0,1
748,1130,1,0,0,0
749,4390,1,0,0,0
750,852,0,0,1,0
751,3310,1,0,0,0
752,2345,0,1,0,0
753,4018,0,0,1,0
754,2615,0,1,0,0
755,1586,0,0,1,0
756,3681,0,1,0,0
757,2223,0,0,1,0
758,280,0,1,0,0
759,1106,0,0,0,1
760,1257,0,0,1,0
761,1154,0,1,0,0
762,2225,1,0,0,0
763,2235,0,0,0,1
764,4325,0,1,0,0
765,2224,1,0,0,0
766,3516,0,0,1,0
767,1524,1,0,0,0
768,1742,1,0,0,0
769,3423,1,0,0,0
770,2856,0,0,1,0
771,3165,0,1,0,0
772,2288,0,0,0,1
773,1743,1,0,0,0
774,2823,0,0,0,1
775,3422,1,0,0,0
776,3117,0,0,1,0
777,4061,0,0,0,1
778,3219,1,0,0,0
779,4346,0,0,1,0
780,3598,0,0,1,0
781,3218,1,0,0,0
782,1390,0,1,0,0
783,2168,0,0,1,0
784,1926,1,0,0,0
785,2193,0,0,0,1
786,2679,1,0,0,0
787,1046,0,1,0,0
788,2607,0,0,0,1
789,3820,1,0,0,0
790,2320,0,0,1,0
791,1341,0,0,1,0
792,1284,1,0,0,0
793,2181,0,1,0,0
794,3591,0,0,0,1
795,1685,0,0,0,1
796,111,0,0,0,1
797,3382,1,0,0,0
798,4355,0,1,0,0
799,1464,0,0,0,1
800,1534,0,0,0,1
801,3770,0,0,0,1
802,1111,0,0,0,1
803,464,0,0,0,1
804,3415,0,0,1,0
805,3400,0,0,1,0
806,1768,0,0,0,1
807,1740,0,0,1,0
808,3249,0,0,1,0
809,2915,1,0,0,0
810,2585,1,0,0,0
811,3943,0,0,0,1
812,725,0,0,1,0
813,3001,0,0,1,0
814,3115,0,1,0,0
815,2584,1,0,0,0
816,837,1,0,0,0
817,1589,0,0,0,1
818,1912,1,0,0,0
819,1582,1,0,0,0
820,3815,1,0,0,0
821,4002,0,0,1,0
822,2638,0,0,1,0
823,3814,1,0,0,0
824,1913,1,0,0,0
825,2470,0,0,1,0
826,483,0,0,0,1
827,4403,0,0,1,0
828,2119,0,1,0,0
829,835,0,1,0,0
830,3797,0,0,0,1
831,2239,0,0,1,0
832,1732,0,0,0,1
833,3694,0,1,0,0
834,1662,0,0,0,1
835,3426,0,0,0,1
836,247,0,0,0,1
837,1247,0,0,0,1
838,957,0,1,0,0
839,802,1,0,0,0
840,1889,1,0,0,0
841,2401,0,0,0,1
842,2551,0,0,0,1
843,2174,0,0,0,1
844,493,1,0,0,0
845,3118,0,0,1,0
846,2762,0,1,0,0
847,2892,0,1,0,0
848,2859,0,0,1,0
849,2099,0,0,0,1
850,2745,1,0,0,0
851,3597,0,0,1,0
852,891,1,0,0,0
853,4082,1,0,0,0
854,2929,0,0,0,1
855,3325,1,0,0,0
856,3142,1,0,0,0
857,4083,1,0,0,0
858,3196,0,0,1,0
859,3183,0,0,1,0
860,1503,0,1,0,0
861,3349,0,1,0,0
862,1980,1,0,0,0
863,494,0,0,0,1
864,3417,1,0,0,0
865,3619,0,1,0,0
866,3887,1,0,0,0
867,2829,1,0,0,0
868,3652,0,0,1,0
869,4099,0,0,1,0
870,1777,1,0,0,0
871,63,0,0,1,0
872,1511,1,0,0,0
873,3561,0,0,0,1
874,1981,1,0,0,0
875,3670,1,0,0,0
876,218,0,1,0,0
877,176,0,0,1,0
878,748,0,1,0,0
879,1429,0,0,0,1
880,2242,0,1,0,0
881,1512,0,0,1,0
882,429,0,0,0,1
883,1916,0,0,0,1
884,4119,1,0,0,0
885,916,0,0,0,1
886,2350,1,0,0,0
887,839,0,0,1,0
888,4059,1,0,0,0
889,985,0,0,0,1
890,3336,0,0,0,1
891,1022,0,0,0,1
892,557,0,0,0,1
893,1637,1,0,0,0
894,3647,0,1,0,0
895,1451,1,0,0,0
896,3713,0,0,0,1
897,2505,0,1,0,0
898,716,0,1,0,0
899,393,0,0,0,1
900,1938,0,0,0,1
901,3954,0,0,1,0
902,1636,1,0,0,0
903,3720,0,0,1,0
904,3264,1,0,0,0
905,1105,1,0,0,0
906,1363,1,0,0,0
907,3002,1,0,0,0
908,4319,0,0,0,1
909,3568,0,0,1,0
910,3003,1,0,0,0
911,3265,1,0,0,0
912,1074,0,0,1,0
913,4145,0,0,0,1
914,2462,1,0,0,0
915,727,1,0,0,0
916,3321,0,0,1,0
917,2604,1,0,0,0
918,405,0,0,1,0
919,3169,0,0,1,0
920,540,1,0,0,0
921,1475,0,0,1,0
922,4337,1,0,0,0
923,2517,0,0,1,0
924,3090,1,0,0,0
925,4151,1,0,0,0
926,4127,0,1,0,0
927,3091,1,0,0,0
928,4336,1,0,0,0
929,2860,1,0,0,0
930,2696,1,0,0,0
931,2575,0,1,0,0
932,1559,1,0,0,0
933,2673,0,0,0,1
934,2697,1,0,0,0
935,1558,1,0,0,0
936,766,0,1,0,0
937,410,0,0,0,1
938,12,0,0,1,0
939,3654,0,0,0,1
940,1410,0,0,0,1
941,3704,0,0,0,1
942,1540,0,0,0,1
943,107,0,0,1,0
944,93,0,0,0,1
945,1384,0,0,0,1
946,449,1,0,0,0
947,1853,1,0,0,0
948,3558,0,0,0,1
949,1576,0,0,1,0
950,1852,1,0,0,0
951,2923,0,0,1,0
952,1917,0,1,0,0
953,3389,1,0,0,0
954,4248,1,0,0,0
955,3388,1,0,0,0
956,4249,1,0,0,0
957,1888,0,1,0,0
958,1842,0,0,0,1
959,2326,1,0,0,0
960,746,0,0,1,0
961,877,0,1,0,0
962,490,0,0,0,1
963,1490,0,0,0,1
964,1337,0,0,1,0
965,1641,1,0,0,0
966,1531,0,1,0,0
967,3435,0,0,0,1
968,254,0,0,0,1
969,1427,1,0,0,0
970,348,0,1,0,0
971,347,0,0,1,0
972,721,0,0,0,1
973,352,0,0,1,0
974,1304,0,0,0,1
975,2386,0,0,0,1
976,3213,1,0,0,0
977,3212,1,0,0,0
978,1173,1,0,0,0
979,3844,0,1,0,0
980,2167,0,0,0,1
981,2720,0,1,0,0
982,1785,0,1,0,0
983,2990,0,0,0,1
984,2415,1,0,0,0
985,2885,1,0,0,0
986,536,1,0,0,0
987,2414,1,0,0,0
988,2757,0,0,1,0
989,4263,0,0,0,1
990,751,1,0,0,0
991,2835,0,0,1,0
992,4126,1,0,0,0
993,4095,0,0,0,1
994,418,0,0,1,0
995,3280,1,0,0,0
996,4341,1,0,0,0
997,1387,1,0,0,0
998,4324,0,0,0,1
999,2190,0,0,1,0
1000,2048,1,0,0,0
1001,3728,0,0,1,0
1002,2391,0,0,0,1
1003,1234,0,0,1,0
1004,4178,0,0,0,1
1005,3269,0,1,0,0
1006,2817,1,0,0,0
1007,2487,1,0,0,0
1008,2405,0,0,0,1
1009,3575,0,0,1,0
1010,935,1,0,0,0
1011,2020,0,0,0,1
1012,1069,0,0,1,0
1013,313,0,0,0,1
1014,1666,0,0,0,1
1015,1736,0,0,0,1
1016,1423,0,1,0,0
1017,736,0,0,0,1
1018,666,0,0,0,1
1019,3834,0,1,0,0
1020,2240,0,0,1,0
1021,4226,0,0,1,0
1022,658,1,0,0,0
1023,1855,0,0,0,1
1024,543,0,1,0,0
1025,1841,0,0,1,0
1026,1854,0,0,1,0
1027,16,0,1,0,0
1028,3933,0,0,0,1
1029,3862,1,0,0,0
1030,1965,1,0,0,0
1031,2952,0,0,1,0
1032,1996,0,0,0,1
1033,2691,0,1,0,0
1034,1634,0,1,0,0
1035,3083,0,1,0,0
1036,3863,1,0,0,0
1037,1752,0,0,1,0
1038,3275,0,0,0,1
1039,161,0,0,0,1
1040,754,0,1,0,0
1041,2956,1,0,0,0
1042,3237,0,1,0,0
1043,1480,0,1,0,0
1044,2252,0,0,0,1
1045,1609,1,0,0,0
1046,2332,0,0,1,0
1047,682,1,0,0,0
1048,2496,0,0,0,1
1049,1608,1,0,0,0
1050,3908,0,1,0,0
1051,1933,0,0,1,0
1052,2914,0,0,0,1
1053,4423,0,0,0,1
1054,4067,1,0,0,0
1055,1756,0,1,0,0
1056,2554,1,0,0,0
1057,4165,0,1,0,0
1058,2019,0,0,0,1
1059,476,1,0,0,0
1060,3352,1,0,0,0
1061,3134,1,0,0,0
1062,1255,1,0,0,0
1063,3759,0,0,1,0
1064,4187,0,0,1,0
1065,3353,1,0,0,0
1066,553,0,0,0,1
1067,3999,0,0,0,1
1068,1553,0,0,0,1
1069,2105,0,1,0,0
1070,1403,0,0,0,1
1071,3717,0,1,0,0
1072,2455,0,1,0,0
1073,1567,1,0,0,0
1074,3247,0,1,0,0
1075,829,0,1,0,0
1076,80,0,0,0,1
1077,2079,0,0,1,0
1078,3607,1,0,0,0
1079,1397,0,0,0,1
1080,1700,1,0,0,0
1081,1830,0,0,1,0
1082,2625,0,0,1,0
1083,3874,0,0,0,1
1084,1949,0,1,0,0
1085,4242,0,0,1,0
1086,2783,0,1,0,0
1087,840,0,0,1,0
1088,2873,0,1,0,0
1089,4308,1,0,0,0
1090,110,0,0,1,0
1091,145,0,0,0,1
1092,3724,0,0,0,1
1093,1328,0,0,1,0
1094,3251,0,0,0,1
1095,560,0,0,0,1
1096,430,0,0,0,1
1097,319,0,0,0,1
1098,2609,1,0,0,0
1099,3428,0,0,0,1
1100,2176,0,1,0,0
1101,1319,0,0,0,1
1102,2426,0,1,0,0
1103,1729,0,0,1,0
1104,3917,0,0,0,1
1105,2608,1,0,0,0
1106,3220,0,0,1,0
1107,3850,1,0,0,0
1108,2748,0,0,1,0
1109,4167,0,0,1,0
1110,398,0,1,0,0
1111,4232,1,0,0,0
1112,1092,1,0,0,0
1113,4407,0,0,0,1
1114,2930,0,0,0,1
1115,207,0,1,0,0
1116,1093,1,0,0,0
1117,4022,0,0,0,1
1118,2349,0,0,1,0
1119,2793,1,0,0,0
1120,846,1,0,0,0
1121,2965,1,0,0,0
1122,2962,0,1,0,0
1123,2792,1,0,0,0
1124,2692,0,1,0,0
1125,1063,0,0,1,0
1126,3107,1,0,0,0
1127,1000,1,0,0,0
1128,3106,1,0,0,0
1129,3714,0,1,0,0
1130,622,1,0,0,0
1131,444,1,0,0,0
1132,1462,0,0,1,0
1133,2548,0,0,0,1
1134,2567,1,0,0,0
1135,4410,0,0,0,1
1136,2877,0,0,0,1
1137,2700,1,0,0,0
1138,623,1,0,0,0
1139,4409,1,0,0,0
1140,3958,1,0,0,0
1141,3323,0,0,1,0
1142,2255,1,0,0,0
1143,948,0,1,0,0
1144,3676,0,1,0,0
1145,2254,1,0,0,0
1146,377,1,0,0,0
1147,4239,0,0,1,0
1148,1918,0,0,0,1
1149,1554,1,0,0,0
1150,1828,0,1,0,0
1151,3663,0,0,0,1
1152,2002,0,0,1,0
1153,2912,0,1,0,0
1154,3452,1,0,0,0
1155,1152,0,0,0,1
1156,3246,0,0,0,1
1157,174,0,0,1,0
1158,705,0,0,0,1
1159,3512,1,0,0,0
1160,3774,1,0,0,0
1161,3034,0,0,0,1
1162,3650,0,0,1,0
1163,1414,1,0,0,0
1164,1619,0,1,0,0
1165,3385,0,0,0,1
1166,4371,0,1,0,0
1167,1758,0,0,1,0
1168,866,0,0,0,1
1169,3378,0,1,0,0
1170,2314,1,0,0,0
1171,409,0,0,0,1
1172,1505,0,0,1,0
1173,1510,0,0,1,0
1174,889,0,1,0,0
1175,1409,0,0,0,1
1176,2173,1,0,0,0
1177,2571,0,0,1,0
1178,3818,1,0,0,0
1179,2564,0,0,1,0
1180,4317,0,0,0,1
1181,2408,0,1,0,0
1182,995,1,0,0,0
1183,949,0,0,1,0
1184,3925,0,1,0,0
1185,2739,0,0,1,0
1186,3489,1,0,0,0
1187,2597,0,1,0,0
1188,1939,0,0,1,0
1189,4116,0,0,1,0
1190,2013,0,0,0,1
1191,1488,0,0,1,0
1192,1141,1,0,0,0
1193,2641,0,1,0,0
1194,3046,1,0,0,0
1195,2436,0,0,0,1
1196,2566,0,0,0,1
1197,3047,1,0,0,0
1198,3831,0,0,1,0
1199,3221,1,0,0,0
1200,3824,0,0,1,0
1201,1140,1,0,0,0
1202,4418,0,1,0,0
1203,2824,1,0,0,0
1204,3746,0,0,1,0
1205,2790,0,0,0,1
1206,1339,0,1,0,0
1207,596,1,0,0,0
1208,4115,1,0,0,0
1209,4114,1,0,0,0
1210,709,0,1,0,0
1211,4372,1,0,0,0
1212,2485,0,1,0,0
1213,2472,0,0,1,0
1214,1487,1,0,0,0
1215,3483,0,0,1,0
1216,1486,1,0,0,0
1217,3984,0,0,0,1
1218,3581,1,0,0,0
1219,1049,1,0,0,0
1220,1267,0,0,0,1
1221,1964,0,1,0,0
1222,3328,1,0,0,0
1223,642,0,0,0,1
1224,267,0,0,0,1
1225,3556,0,0,0,1
1226,1642,0,0,0,1
1227,3939,0,0,0,1
1228,2387,1,0,0,0
1229,1583,0,0,1,0
1230,3703,1,0,0,0
1231,3486,0,0,0,1
1232,3565,1,0,0,0
1233,879,1,0,0,0
1234,2226,0,0,1,0
1235,1573,0,0,0,1
1236,1156,0,0,0,1
1237,857,0,0,1,0
1238,3276,0,1,0,0
1239,818,0,1,0,0
1240,2362,1,0,0,0
1241,2627,0,0,1,0
1242,987,0,1,0,0
1243,714,1,0,0,0
1244,4380,0,0,0,1
1245,2450,1,0,0,0
1246,573,1,0,0,0
1247,4414,0,0,0,1
1248,4031,0,0,0,1
1249,1969,1,0,0,0
1250,193,0,1,0,0
1251,2084,0,0,0,1
1252,4396,1,0,0,0
1253,4190,0,0,1,0
1254,2920,0,1,0,0
1255,3506,0,0,1,0
1256,2335,0,0,0,1
1257,3592,0,1,0,0
1258,3030,1,0,0,0
1259,2093,0,0,0,1
1260,1495,0,0,1,0
1261,970,1,0,0,0
1262,3189,0,0,1,0
1263,2272,0,0,0,1
1264,2989,0,0,0,1
1265,2579,0,0,1,0
1266,4397,0,0,0,1
1267,4304,1,0,0,0
1268,2864,0,0,0,1
1269,2724,0,0,1,0
1270,2731,0,0,1,0
1271,1931,0,0,1,0
1272,607,0,1,0,0
1273,1668,0,0,0,1
1274,1745,0,0,1,0
1275,3259,0,0,1,0
1276,738,0,0,0,1
1277,668,0,0,0,1
1278,3009,0,0,0,1
1279,3967,1,0,0,0
1280,2945,0,0,1,0
1281,735,0,0,1,0
1282,3913,0,0,0,1
1283,1697,1,0,0,0
1284,3966,1,0,0,0
1285,895,0,1,0,0
1286,1861,1,0,0,0
1287,2197,1,0,0,0
1288,3139,1,0,0,0
1289,1258,1,0,0,0
1290,434,0,0,0,1
1291,2950,0,1,0,0
1292,3138,1,0,0,0
1293,2257,0,0,1,0
1294,646,0,0,0,1
1295,2891,0,1,0,0
1296,1333,0,0,0,1
1297,3027,0,0,0,1
1298,1646,0,0,0,1
1299,3402,0,0,0,1
1300,1318,1,0,0,0
1301,392,1,0,0,0
1302,3396,0,0,0,1
1303,3826,1,0,0,0
1304,1921,1,0,0,0
1305,183,0,0,1,0
1306,875,0,0,0,1
1307,2418,1,0,0,0
1308,99,0,0,0,1
1309,1875,0,0,0,1
1310,83,0,0,1,0
1311,1925,0,0,0,1
1312,2419,1,0,0,0
1313,4245,1,0,0,0
1314,2187,0,0,1,0
1315,4023,1,0,0,0
1316,4254,0,0,0,1
1317,3258,0,1,0,0
1318,1282,1,0,0,0
1319,1622,0,0,1,0
1320,2085,0,1,0,0
1321,3697,0,1,0,0
1322,2000,0,0,0,1
1323,831,1,0,0,0
1324,3577,0,0,1,0
1325,3562,0,0,1,0
1326,1956,0,1,0,0
1327,2425,0,0,0,1
1328,1223,0,0,1,0
1329,140,0,1,0,0
1330,2241,0,1,0,0
1331,3170,1,0,0,0
1332,3848,0,0,1,0
1333,2017,0,0,0,1
1334,1210,1,0,0,0
1335,2755,0,0,1,0
1336,1955,0,0,1,0
1337,924,0,1,0,0
1338,1940,0,0,1,0
1339,654,1,0,0,0
1340,432,1,0,0,0
1341,4327,0,0,1,0
1342,2511,1,0,0,0
1343,3778,0,1,0,0
1344,2091,0,0,1,0
1345,1399,0,0,0,1
1346,2222,1,0,0,0
1347,1932,0,0,0,1
1348,3060,0,0,1,0
1349,1721,0,0,1,0
1350,1523,1,0,0,0
1351,345,0,0,1,0
1352,3642,1,0,0,0
1353,3061,0,1,0,0
1354,324,0,0,0,1
1355,1651,0,0,0,1
1356,1701,0,0,0,1
1357,460,0,1,0,0
1358,1749,0,1,0,0
1359,3629,0,0,1,0
1360,938,1,0,0,0
1361,457,0,0,0,1
1362,3236,0,0,0,1
1363,897,1,0,0,0
1364,1507,0,0,0,1
1365,3613,0,0,0,1
1366,1457,0,0,0,1
1367,661,1,0,0,0
1368,2005,0,0,1,0
1369,2884,0,1,0,0
1370,1821,0,1,0,0
1371,2258,0,0,1,0
1372,3166,0,1,0,0
1373,1838,0,0,0,1
1374,3187,0,0,0,1
1375,1968,0,0,0,1
1376,406,1,0,0,0
1377,3144,1,0,0,0
1378,4085,1,0,0,0
1379,3970,0,0,0,1
1380,4063,0,0,1,0
1381,3145,1,0,0,0
1382,1859,0,0,1,0
1383,199,0,0,1,0
1384,3972,0,1,0,0
1385,3324,0,0,1,0
1386,2689,0,0,0,1
1387,2807,0,0,0,1
1388,2957,0,0,0,1
1389,1035,0,1,0,0
1390,1986,1,0,0,0
1391,3677,1,0,0,0
1392,1516,1,0,0,0
1393,2468,0,0,0,1
1394,2341,0,0,0,1
1395,2634,0,0,0,1
1396,3554,0,1,0,0
1397,2071,1,0,0,0
1398,1071,0,0,1,0
1399,2217,1,0,0,0
1400,3812,1,0,0,0
1401,4080,0,1,0,0
1402,2113,0,0,1,0
1403,1914,1,0,0,0
1404,3847,0,0,1,0
1405,488,0,1,0,0
1406,2940,0,0,0,1
1407,4175,0,0,1,0
1408,1679,1,0,0,0
1409,3227,0,0,1,0
1410,3837,0,0,0,1
1411,805,1,0,0,0
1412,4234,0,1,0,0
1413,3458,0,0,0,1
1414,1566,0,0,1,0
1415,804,1,0,0,0
1416,17,0,0,1,0
1417,440,0,0,0,1
1418,510,0,0,0,1
1419,135,0,0,0,1
1420,117,0,0,1,0
1421,4016,1,0,0,0
1422,3190,0,0,0,1
1423,3949,0,0,0,1
1424,583,0,0,0,1
1425,3935,0,0,1,0
1426,1190,1,0,0,0
1427,3476,0,0,0,1
1428,3103,0,0,0,1
1429,3053,0,0,0,1
1430,1191,1,0,0,0
1431,762,0,0,0,1
1432,632,0,0,0,1
1433,2866,1,0,0,0
1434,2690,1,0,0,0
1435,4191,0,0,0,1
1436,2378,0,0,0,1
1437,3340,0,0,1,0
1438,2043,0,1,0,0
1439,1649,0,0,1,0
1440,2935,0,1,0,0
1441,1015,0,0,1,0
1442,1330,0,1,0,0
1443,3953,1,0,0,0
1444,3754,0,0,1,0
1445,2124,0,0,0,1
1446,2357,1,0,0,0
1447,1222,0,1,0,0
1448,3495,0,1,0,0
1449,3836,0,0,1,0
1450,2356,1,0,0,0
1451,3186,0,0,1,0
1452,2130,1,0,0,0
1453,1099,1,0,0,0
1454,2648,0,1,0,0
1455,2133,0,0,0,1
1456,4385,0,1,0,0
1457,2799,1,0,0,0
1458,4186,0,0,0,1
1459,2894,0,0,0,1
1460,2576,0,0,1,0
1461,1529,0,0,0,1
1462,479,0,0,0,1
1463,3005,1,0,0,0
1464,1517,0,0,1,0
1465,3348,0,0,0,1
1466,1816,0,0,0,1
1467,1103,1,0,0,0
1468,2033,0,1,0,0
1469,3004,1,0,0,0
1470,1365,1,0,0,0
1471,720,1,0,0,0
1472,546,1,0,0,0
1473,2465,1,0,0,0
1474,1625,0,0,0,1
1475,3461,0,0,0,1
1476,3531,0,0,0,1
1477,66,0,0,1,0
1478,2602,1,0,0,0
1479,200,0,0,0,1
1480,625,0,0,0,1
1481,173,0,0,1,0
1482,1350,0,0,0,1
1483,3286,1,0,0,0
1484,514,0,0,0,1
1485,525,0,1,0,0
1486,3375,0,0,0,1
1487,1131,0,0,0,1
1488,3225,0,0,0,1
1489,4121,1,0,0,0
1490,1444,0,0,0,1
1491,1514,0,0,0,1
1492,326,0,0,1,0
1493,1380,1,0,0,0
1494,3648,1,0,0,0
1495,933,1,0,0,0
1496,3852,0,1,0,0
1497,2480,1,0,0,0
1498,2810,1,0,0,0
1499,903,0,1,0,0
1500,3079,0,0,0,1
1501,1757,0,0,1,0
1502,932,1,0,0,0
1503,1923,0,0,1,0
1504,4056,0,0,0,1
1505,2944,0,0,0,1
1506,2814,0,0,0,1
1507,2736,0,0,1,0
1508,2723,0,0,1,0
1509,4344,0,0,1,0
1510,4351,0,0,1,0
1511,4206,0,1,0,0
1512,1086,0,0,1,0
1513,861,0,1,0,0
1514,2202,0,0,0,1
1515,1823,1,0,0,0
1516,2337,0,0,1,0
1517,2777,0,0,0,1
1518,1822,1,0,0,0
1519,2304,0,1,0,0
1520,4029,1,0,0,0
1521,2215,0,0,0,1
1522,3749,0,0,1,0
1523,2147,1,0,0,0
1524,3526,1,0,0,0
1525,3740,1,0,0,0
1526,3100,0,0,1,0
1527,2490,0,1,0,0
1528,3741,1,0,0,0
1529,2919,1,0,0,0
1530,4314,0,1,0,0
1531,1313,1,0,0,0
1532,3073,1,0,0,0
1533,850,0,0,1,0
1534,1881,0,0,0,1
1535,1198,0,1,0,0
1536,1174,1,0,0,0
1537,4252,0,0,1,0
1538,4247,0,0,1,0
1539,3215,1,0,0,0
1540,1185,0,0,1,0
1541,3899,0,0,0,1
1542,503,0,0,0,1
1543,2234,0,0,1,0
1544,2882,1,0,0,0
1545,2221,0,0,1,0
1546,126,0,0,0,1
1547,2412,1,0,0,0
1548,3747,0,0,0,1
1549,3928,0,0,1,0
1550,1971,0,1,0,0
1551,2675,1,0,0,0
1552,1584,0,0,1,0
1553,530,1,0,0,0
1554,3566,0,1,0,0
1555,2735,1,0,0,0
1556,1332,0,0,1,0
1557,3684,0,0,0,1
1558,204,0,0,0,1
1559,617,1,0,0,0
1560,1771,0,0,0,1
1561,3535,0,0,0,1
1562,1621,0,0,0,1
1563,3465,0,0,0,1
1564,2734,1,0,0,0
1565,3110,0,0,0,1
1566,2497,0,0,1,0
1567,3639,0,0,0,1
1568,3769,0,0,0,1
1569,1726,0,0,1,0
1570,1108,0,0,0,1
1571,3355,1,0,0,0
1572,4294,1,0,0,0
1573,743,0,0,1,0
1574,2096,0,0,1,0
1575,2083,0,0,1,0
1576,3771,0,1,0,0
1577,1706,1,0,0,0
1578,4168,0,0,1,0
1579,4233,0,0,0,1
1580,1707,1,0,0,0
1581,3600,1,0,0,0
1582,2261,1,0,0,0
1583,2286,0,0,0,1
1584,4103,0,1,0,0
1585,1730,0,1,0,0
1586,1794,1,0,0,0
1587,4128,0,0,0,1
1588,1224,0,0,1,0
1589,3570,0,0,1,0
1590,2120,0,0,0,1
1591,2070,0,0,0,1
1592,4011,0,1,0,0
1593,1795,1,0,0,0
1594,8,0,1,0,0
1595,1963,1,0,0,0
1596,3339,0,0,1,0
1597,2825,0,0,1,0
1598,1630,0,0,1,0
1599,650,0,1,0,0
1600,4258,0,1,0,0
1601,2180,0,0,1,0
1602,4224,0,0,0,1
1603,4374,0,0,0,1
1604,1851,0,0,1,0
1605,873,1,0,0,0
1606,84,0,0,1,0
1607,1805,0,0,0,1
1608,184,0,0,1,0
1609,587,0,0,0,1
1610,2368,1,0,0,0
1611,343,0,0,0,1
1612,213,0,0,0,1
1613,4364,1,0,0,0
1614,3929,0,0,1,0
1615,1513,0,0,0,1
1616,136,0,0,0,1
1617,2220,0,0,1,0
1618,513,0,0,0,1
1619,1136,0,0,0,1
1620,4365,1,0,0,0
1621,3193,0,0,0,1
1622,1287,0,0,0,1
1623,1585,0,0,1,0
1624,3624,0,1,0,0
1625,3099,0,0,1,0
1626,580,1,0,0,0
1627,1345,0,1,0,0
1628,4246,0,0,1,0
1629,3498,0,0,1,0
1630,844,0,0,1,0
1631,851,0,0,1,0
1632,911,1,0,0,0
1633,581,1,0,0,0
1634,2282,0,1,0,0
1635,1887,0,1,0,0
1636,1239,1,0,0,0
1637,2855,0,0,1,0
1638,2840,0,0,1,0
1639,2109,0,0,0,1
1640,3907,1,0,0,0
1641,2620,0,0,0,1
1642,2770,0,0,0,1
1643,2205,0,0,0,1
1644,3515,0,0,1,0
1645,1801,1,0,0,0
1646,3596,1,0,0,0
1647,878,0,1,0,0
1648,2404,0,1,0,0
1649,2637,0,0,0,1
1650,2212,0,0,0,1
1651,2165,1,0,0,0
1652,2164,1,0,0,0
1653,1335,0,1,0,0
1654,2737,0,0,1,0
1655,4046,0,0,0,1
1656,1922,0,0,1,0
1657,1893,1,0,0,0
1658,489,1,0,0,0
1659,947,0,0,1,0
1660,3973,0,0,0,1
1661,3823,0,0,0,1
1662,733,0,0,1,0
1663,3051,1,0,0,0
1664,726,0,0,1,0
1665,2852,0,1,0,0
1666,3050,1,0,0,0
1667,3069,0,0,0,1
1668,608,0,0,0,1
1669,327,0,0,1,0
1670,1908,1,0,0,0
1671,1504,0,0,0,1
1672,3610,0,0,0,1
1673,512,1,0,0,0
1674,667,0,1,0,0
1675,3365,0,0,0,1
1676,2657,1,0,0,0
1677,3959,0,1,0,0
1678,774,1,0,0,0
1679,1342,0,0,1,0
1680,2656,1,0,0,0
1681,2430,1,0,0,0
1682,2716,1,0,0,0
1683,639,0,1,0,0
1684,1597,0,0,0,1
1685,453,1,0,0,0
1686,3683,0,0,0,1
1687,1353,0,0,0,1
1688,3462,0,0,0,1
1689,3532,0,0,0,1
1690,1271,1,0,0,0
1691,3376,1,0,0,0
1692,3521,0,1,0,0
1693,3377,1,0,0,0
1694,1945,0,0,0,1
1695,85,0,0,1,0
1696,1270,1,0,0,0
1697,2897,0,0,0,1
1698,1631,0,0,1,0
1699,4185,0,0,0,1
1700,2749,0,0,0,1
1701,3338,0,0,1,0
1702,958,1,0,0,0
1703,3623,1,0,0,0
1704,4068,0,0,0,1
1705,4138,0,0,0,1
1706,1472,0,1,0,0
1707,361,1,0,0,0
1708,360,1,0,0,0
1709,2580,0,0,1,0
1710,2243,1,0,0,0
1711,2025,1,0,0,0
1712,2060,0,0,0,1
1713,2445,0,0,0,1
1714,2095,0,1,0,0
1715,3687,0,1,0,0
1716,649,0,1,0,0
1717,2347,0,0,1,0
1718,286,0,1,0,0
1719,3018,1,0,0,0
1720,4192,0,0,0,1
1721,2753,0,0,1,0
1722,4373,0,0,0,1
1723,1946,0,0,1,0
1724,2784,1,0,0,0
1725,3779,0,0,0,1
1726,118,0,0,0,1
1727,2771,0,1,0,0
1728,2785,1,0,0,0
1729,3433,0,1,0,0
1730,742,0,0,1,0
1731,1952,0,0,0,1
1732,4043,1,0,0,0
1733,2483,0,0,1,0
1734,356,0,0,1,0
1735,3475,0,0,0,1
1736,3525,0,0,0,1
1737,3467,0,0,1,0
1738,2538,0,1,0,0
1739,214,0,0,0,1
1740,3744,0,0,0,1
1741,103,0,0,1,0
1742,2507,1,0,0,0
1743,2074,0,1,0,0
1744,1294,0,0,0,1
1745,3996,0,1,0,0
1746,2506,1,0,0,0
1747,294,0,0,0,1
1748,425,1,0,0,0
1749,3827,0,0,0,1
1750,1206,1,0,0,0
1751,3226,0,0,1,0
1752,3233,0,0,1,0
1753,1207,1,0,0,0
1754,3518,0,0,0,1
1755,1572,0,0,1,0
1756,3300,1,0,0,0
1757,1061,1,0,0,0
1758,1882,0,0,0,1
1759,1265,0,1,0,0
1760,2800,0,0,0,1
1761,1735,0,1,0,0
1762,2513,0,0,1,0
1763,3182,0,1,0,0
1764,4329,0,0,1,0
1765,4112,0,0,0,1
1766,1753,1,0,0,0
1767,4161,0,0,1,0
1768,655,0,1,0,0
1769,2633,0,0,0,1
1770,3853,0,0,1,0
1771,2582,0,0,0,1
1772,2774,0,0,0,1
1773,2624,0,0,0,1
1774,1936,1,0,0,0
1775,3879,0,1,0,0
1776,3731,0,0,1,0
1777,2201,0,0,0,1
1778,2351,0,0,0,1
1779,2588,0,0,1,0
1780,1937,1,0,0,0
1781,1065,0,0,1,0
1782,1070,0,0,1,0
1783,388,0,1,0,0
1784,2004,0,1,0,0
1785,4359,0,0,0,1
1786,3616,0,1,0,0
1787,1627,0,1,0,0
1788,4055,0,0,0,1
1789,2972,0,1,0,0
1790,2478,0,0,0,1
1791,2528,0,0,0,1
1792,2189,0,0,1,0
1793,3178,0,0,1,0
1794,385,1,0,0,0
1795,3830,0,0,0,1
1796,2595,1,0,0,0
1797,828,0,0,1,0
1798,198,0,0,1,0
1799,79,0,0,0,1
1800,2011,0,0,1,0
1801,4034,1,0,0,0
1802,1447,0,0,0,1
1803,1062,0,0,0,1
1804,517,0,0,0,1
1805,3945,0,0,1,0
1806,4035,1,0,0,0
1807,1978,0,0,0,1
1808,3392,1,0,0,0
1809,1117,0,0,1,0
1810,4313,1,0,0,0
1811,1552,0,1,0,0
1812,1340,0,0,0,1
1813,635,0,0,0,1
1814,172,0,0,1,0
1815,210,0,0,0,1
1816,67,0,0,1,0
1817,4174,1,0,0,0
1818,3358,0,0,0,1
1819,3208,0,0,0,1
1820,967,1,0,0,0
1821,2844,1,0,0,0
1822,3563,0,1,0,0
1823,1806,0,0,0,1
1824,3257,0,0,1,0
1825,4196,0,0,0,1
1826,4289,1,0,0,0
1827,1029,1,0,0,0
1828,4377,0,0,0,1
1829,2577,0,0,1,0
1830,4288,1,0,0,0
1831,2728,1,0,0,0
1832,2969,0,0,0,1
1833,2123,0,0,0,1
1834,1072,0,1,0,0
1835,2374,1,0,0,0
1836,1014,0,0,1,0
1837,2285,0,0,0,1
1838,2134,0,0,0,1
1839,2375,1,0,0,0
1840,3755,0,0,1,0
1841,2238,0,0,0,1
1842,2893,0,0,0,1
1843,1400,0,0,1,0
1844,3109,0,0,1,0
1845,3572,1,0,0,0
1846,4230,0,0,0,1
1847,1648,0,0,1,0
1848,4360,0,0,0,1
1849,698,1,0,0,0
1850,3573,1,0,0,0
1851,88,0,1,0,0
1852,3026,1,0,0,0
1853,1347,1,0,0,0
1854,1121,1,0,0,0
1855,2733,0,1,0,0
1856,3241,1,0,0,0
1857,1941,0,0,0,1
1858,1811,0,0,0,1
1859,239,0,1,0,0
1860,703,1,0,0,0
1861,2228,0,0,1,0
1862,4412,0,0,1,0
1863,899,0,1,0,0
1864,702,1,0,0,0
1865,3113,0,0,0,1
1866,3536,0,0,0,1
1867,1772,0,0,0,1
1868,3466,0,0,0,1
1869,4361,0,1,0,0
1870,357,0,0,0,1
1871,3084,0,0,1,0
1872,3245,0,0,0,1
1873,2979,1,0,0,0
1874,3950,0,1,0,0
1875,3411,0,0,1,0
1876,574,0,0,0,1
1877,424,0,0,0,1
1878,1118,0,0,1,0
1879,1424,0,0,0,1
1880,1574,0,0,0,1
1881,2126,1,0,0,0
1882,1691,0,1,0,0
1883,678,0,0,0,1
1884,1744,0,0,1,0
1885,1678,0,0,0,1
1886,2127,1,0,0,0
1887,3903,0,0,0,1
1888,734,0,0,1,0
1889,2614,1,0,0,0
1890,4387,0,0,0,1
1891,2473,1,0,0,0
1892,4166,0,0,0,1
1893,4036,0,0,0,1
1894,545,0,1,0,0
1895,3188,0,0,1,0
1896,963,0,1,0,0
1897,1373,1,0,0,0
1898,3012,1,0,0,0
1899,1494,0,0,1,0
1900,2262,0,0,0,1
1901,2999,0,0,0,1
1902,3838,0,0,1,0
1903,3832,0,1,0,0
1904,3013,1,0,0,0
1905,2331,0,0,1,0
1906,1246,0,0,1,0
1907,2094,0,0,0,1
1908,3628,1,0,0,0
1909,781,0,1,0,0
1910,2325,0,0,0,1
1911,2687,1,0,0,0
1912,3920,0,1,0,0
1913,2179,0,0,0,1
1914,50,1,0,0,0
1915,2029,0,0,0,1
1916,1911,0,1,0,0
1917,4141,1,0,0,0
1918,1647,0,0,1,0
1919,1187,1,0,0,0
1920,4021,0,0,0,1
1921,2933,0,0,0,1
1922,4404,0,0,0,1
1923,4140,1,0,0,0
1924,2276,0,1,0,0
1925,843,0,0,1,0
1926,1183,0,0,1,0
1927,3944,1,0,0,0
1928,60,0,1,0,0
1929,4009,0,0,1,0
1930,3914,0,0,0,1
1931,535,0,1,0,0
1932,1782,0,0,0,1
1933,3496,0,0,0,1
1934,1433,0,0,0,1
1935,146,0,0,0,1
1936,3405,0,0,0,1
1937,334,0,0,0,1
1938,264,0,0,0,1
1939,344,0,0,1,0
1940,3020,0,0,0,1
1941,1334,0,0,0,1
1942,1169,0,0,1,0
1943,3391,0,0,0,1
1944,1902,1,0,0,0
1945,1389,0,0,0,1
1946,4163,0,1,0,0
1947,745,0,0,1,0
1948,872,0,0,0,1
1949,2090,0,0,1,0
1950,3709,0,0,0,1
1951,2917,0,1,0,0
1952,3229,0,0,1,0
1953,519,1,0,0,0
1954,2754,0,0,1,0
1955,4253,0,0,0,1
1956,4326,0,0,1,0
1957,4333,0,0,1,0
1958,2509,0,0,1,0
1959,2422,0,0,0,1
1960,2340,0,0,1,0
1961,1899,1,0,0,0
1962,3768,1,0,0,0
1963,4092,1,0,0,0
1964,1232,1,0,0,0
1965,3334,1,0,0,0
1966,3177,0,0,1,0
1967,4113,0,1,0,0
1968,2488,0,0,0,1
1969,4244,0,0,0,1
1970,2669,0,0,0,1
1971,411,1,0,0,0
1972,2532,1,0,0,0
1973,1623,0,0,1,0
1974,1865,0,0,0,1
1975,97,0,0,1,0
1976,89,0,0,0,1
1977,2642,0,0,1,0
1978,4071,0,1,0,0
1979,2067,1,0,0,0
1980,827,0,0,1,0
1981,2066,1,0,0,0
1982,2200,1,0,0,0
1983,323,0,0,0,1
1984,273,0,0,0,1
1985,3407,1,0,0,0
1986,3231,0,1,0,0
1987,3542,0,0,0,1
1988,1990,1,0,0,0
1989,3412,0,0,0,1
1990,2839,1,0,0,0
1991,3660,1,0,0,0
1992,1767,1,0,0,0
1993,630,0,1,0,0
1994,2082,1,0,0,0
1995,858,0,0,0,1
1996,3492,0,0,0,1
1997,3256,0,0,0,1
1998,1142,0,0,0,1
1999,437,0,0,0,1
2000,567,0,0,0,1
2001,2016,0,0,1,0
2002,3723,0,0,0,1
2003,3673,0,0,0,1
2004,1383,0,1,0,0
2005,4070,0,0,1,0
2006,4238,0,0,1,0
2007,3910,0,0,0,1
2008,3840,0,0,0,1
2009,4394,0,0,0,1
2010,2558,0,0,0,1
2011,4077,1,0,0,0
2012,3322,0,0,1,0
2013,413,0,0,1,0
2014,2937,0,0,0,1
2015,693,1,0,0,0
2016,4279,0,0,0,1
2017,865,1,0,0,0
2018,3578,1,0,0,0
2019,864,1,0,0,0
2020,2947,1,0,0,0
2021,2321,0,0,0,1
2022,692,1,0,0,0
2023,3780,0,1,0,0
2024,2654,0,0,0,1
2025,3579,1,0,0,0
2026,3854,0,0,1,0
2027,2087,0,0,0,1
2028,1245,1,0,0,0
2029,4283,1,0,0,0
2030,2348,0,0,1,0
2031,1025,0,1,0,0
2032,2336,0,0,0,1
2033,1575,0,1,0,0
2034,2115,0,0,1,0
2035,3343,1,0,0,0
2036,4282,1,0,0,0
2037,3125,1,0,0,0
2038,2643,0,0,0,1
2039,3014,0,1,0,0
2040,3544,0,1,0,0
2041,2764,0,1,0,0
2042,355,1,0,0,0
2043,1560,0,0,1,0
2044,259,0,0,0,1
2045,2277,1,0,0,0
2046,3789,0,0,0,1
2047,354,1,0,0,0
2048,3234,0,0,1,0
2049,577,0,1,0,0
2050,1791,0,0,0,1
2051,3468,0,0,1,0
2052,1577,1,0,0,0
2053,359,0,0,1,0
2054,1711,1,0,0,0
2055,11,0,0,1,0
2056,1155,0,0,0,1
2057,3311,0,0,0,1
2058,155,0,0,0,1
2059,1702,0,0,0,1
2060,3546,0,0,0,1
2061,3361,0,1,0,0
2062,652,0,0,0,1
2063,30,0,0,0,1
2064,3163,0,0,0,1
2065,3399,1,0,0,0
2066,3482,0,0,1,0
2067,3497,0,0,1,0
2068,2151,1,0,0,0
2069,3478,0,1,0,0
2070,2955,0,1,0,0
2071,4014,0,0,1,0
2072,2150,1,0,0,0
2073,1600,0,1,0,0
2074,2308,0,1,0,0
2075,3346,0,0,1,0
2076,2895,1,0,0,0
2077,3485,0,1,0,0
2078,1762,0,1,0,0
2079,2318,0,0,0,1
2080,1412,0,0,1,0
2081,1892,0,1,0,0
2082,2248,0,0,0,1
2083,4199,0,0,1,0
2084,1162,1,0,0,0
2085,2014,0,0,0,1
2086,3203,0,1,0,0
2087,3753,0,1,0,0
2088,3202,1,0,0,0
2089,1013,0,0,1,0
2090,2780,0,0,0,1
2091,2003,0,0,0,1
2092,1489,0,0,1,0
2093,2153,0,0,0,1
2094,2849,0,0,0,1
2095,2797,0,0,0,1
2096,4287,0,1,0,0
2097,2339,0,0,1,0
2098,925,1,0,0,0
2099,4401,0,1,0,0
2100,3158,0,1,0,0
2101,4307,0,0,0,1
2102,2565,0,0,1,0
2103,4137,1,0,0,0
2104,4117,0,0,1,0
2105,2385,0,1,0,0
2106,4102,0,0,1,0
2107,3290,1,0,0,0
2108,1320,0,1,0,0
2109,2738,0,0,1,0
2110,1876,0,0,0,1
2111,2959,0,0,1,0
2112,3250,0,0,1,0
2113,648,1,0,0,0
2114,1419,0,0,0,1
2115,3983,0,0,0,1
2116,3278,0,0,0,1
2117,419,0,0,0,1
2118,549,0,0,0,1
2119,3651,0,0,1,0
2120,330,0,0,0,1
2121,3024,0,0,0,1
2122,715,0,0,0,1
2123,3395,0,0,0,1
2124,322,0,1,0,0
2125,3882,0,0,1,0
2126,3897,0,0,1,0
2127,4231,0,0,0,1
2128,3143,0,1,0,0
2129,1172,0,1,0,0
2130,4013,1,0,0,0
2131,1272,0,0,1,0
2132,2518,0,1,0,0
2133,2065,0,0,0,1
2134,4274,1,0,0,0
2135,2510,0,0,0,1
2136,4012,1,0,0,0
2137,669,0,1,0,0
2138,3686,0,0,0,1
2139,1592,0,0,0,1
2140,3957,0,1,0,0
2141,1010,0,1,0,0
2142,592,0,0,0,1
2143,2429,1,0,0,0
2144,1356,0,0,0,1
2145,1773,0,0,0,1
2146,1709,0,1,0,0
2147,4275,0,0,1,0
2148,1259,0,1,0,0
2149,170,0,1,0,0
2150,1329,1,0,0,0
2151,4028,0,0,1,0
2152,2281,1,0,0,0
2153,1810,0,0,0,1
2154,468,0,0,0,1
2155,599,1,0,0,0
2156,3359,0,0,0,1
2157,3209,0,0,0,1
2158,1468,0,0,0,1
2159,1765,0,0,1,0
2160,1983,1,0,0,0
2161,3994,0,0,1,0
2162,3981,0,0,1,0
2163,3414,1,0,0,0
2164,598,1,0,0,0
2165,908,1,0,0,0
2166,807,0,0,0,1
2167,3031,0,0,1,0
2168,3885,1,0,0,0
2169,1538,0,0,1,0
2170,1982,1,0,0,0
2171,1807,0,0,0,1
2172,3691,0,0,0,1
2173,49,0,0,1,0
2174,1371,0,0,1,0
2175,2213,1,0,0,0
2176,914,0,1,0,0
2177,3520,0,0,0,1
2178,2568,0,1,0,0
2179,314,0,0,1,0
2180,1060,0,1,0,0
2181,665,1,0,0,0
2182,3387,0,1,0,0
2183,1819,1,0,0,0
2184,2293,0,0,0,1
2185,349,0,1,0,0
2186,402,1,0,0,0
2187,664,1,0,0,0
2188,2305,0,0,1,0
2189,2457,0,0,0,1
2190,3819,0,0,1,0
2191,2388,1,0,0,0
2192,2559,0,0,1,0
2193,3327,1,0,0,0
2194,2313,0,1,0,0
2195,3141,1,0,0,0
2196,3501,0,1,0,0
2197,4006,0,1,0,0
2198,3266,1,0,0,0
2199,2479,0,0,0,1
2200,2529,0,0,0,1
2201,2802,0,0,1,0
2202,1617,0,0,1,0
2203,542,1,0,0,0
2204,724,1,0,0,0
2205,266,0,0,1,0
2206,2606,1,0,0,0
2207,4358,0,0,0,1
2208,1203,0,0,1,0
2209,2594,0,0,0,1
2210,3752,0,0,0,1
2211,1133,0,0,0,1
2212,1829,0,0,0,1
2213,1593,0,1,0,0
2214,2352,1,0,0,0
2215,3733,1,0,0,0
2216,2676,0,0,1,0
2217,2663,0,0,1,0
2218,3732,1,0,0,0
2219,806,0,0,1,0
2220,4211,0,0,1,0
2221,78,0,0,0,1
2222,3976,0,0,0,1
2223,3055,0,0,1,0
2224,1268,1,0,0,0
2225,3108,1,0,0,0
2226,228,0,0,0,1
2227,1269,1,0,0,0
2228,3449,0,0,0,1
2229,4076,0,1,0,0
2230,1378,0,0,0,1
2231,3454,0,0,1,0
2232,1501,0,0,0,1
2233,3360,0,0,0,1
2234,1124,0,0,0,1
2235,365,0,0,1,0
2236,370,0,0,1,0
2237,2424,0,1,0,0
2238,3956,1,0,0,0
2239,1315,0,0,1,0
2240,755,0,1,0,0
2241,4334,1,0,0,0
2242,3093,1,0,0,0
2243,378,1,0,0,0
2244,3092,1,0,0,0
2245,1195,1,0,0,0
2246,4335,1,0,0,0
2247,2583,0,0,0,1
2248,2129,0,0,1,0
2249,379,1,0,0,0
2250,1975,0,0,1,0
2251,1960,0,0,1,0
2252,3784,0,0,1,0
2253,2951,0,0,0,1
2254,2801,0,0,0,1
2255,1298,0,0,1,0
2256,2960,0,1,0,0
2257,910,0,0,1,0
2258,2694,1,0,0,0
2259,941,1,0,0,0
2260,3799,0,0,1,0
2261,2881,0,0,0,1
2262,1629,0,1,0,0
2263,1290,0,0,1,0
2264,2768,0,0,1,0
2265,3210,1,0,0,0
2266,4222,0,0,0,1
2267,3211,1,0,0,0
2268,2713,0,1,0,0
2269,2520,0,0,1,0
2270,1316,1,0,0,0
2271,2416,1,0,0,0
2272,2369,0,0,1,0
2273,2417,1,0,0,0
2274,752,1,0,0,0
2275,3829,1,0,0,0
2276,880,0,0,1,0
2277,2324,1,0,0,0
2278,3695,0,0,0,1
2279,1502,0,1,0,0
2280,3614,0,0,1,0
2281,2143,1,0,0,0
2282,3474,0,0,0,1
2283,1119,0,0,0,1
2284,119,0,0,0,1
2285,779,0,0,1,0
2286,132,0,1,0,0
2287,3522,1,0,0,0
2288,953,0,0,0,1
2289,3599,0,0,0,1
2290,2909,0,0,1,0
2291,1953,0,0,0,1
2292,3523,1,0,0,0
2293,3745,1,0,0,0
2294,1659,0,1,0,0
2295,4044,0,0,1,0
2296,1393,0,0,1,0
2297,1386,0,0,1,0
2298,3171,0,1,0,0
2299,2992,0,0,1,0
2300,2778,1,0,0,0
2301,2987,0,0,1,0
2302,3682,0,0,0,1
2303,1792,0,0,1,0
2304,3116,0,0,0,1
2305,3668,0,1,0,0
2306,3533,0,0,0,1
2307,202,0,0,0,1
2308,983,0,0,1,0
2309,4343,1,0,0,0
2310,2448,0,1,0,0
2311,2118,0,1,0,0
2312,4342,1,0,0,0
2313,2484,1,0,0,0
2314,4184,0,0,0,1
2315,2601,0,1,0,0
2316,427,0,0,1,0
2317,2805,0,0,0,1
2318,2290,0,1,0,0
2319,2544,0,0,1,0
2320,284,0,0,1,0
2321,605,0,1,0,0
2322,2636,0,0,0,1
2323,2343,0,0,0,1
2324,685,0,0,1,0
2325,4065,1,0,0,0
2326,2146,0,1,0,0
2327,3804,0,0,1,0
2328,3611,0,0,0,1
2329,120,0,0,0,1
2330,154,0,0,1,0
2331,1379,0,0,1,0
2332,3696,1,0,0,0
2333,3438,0,0,1,0
2334,309,0,0,1,0
2335,1138,1,0,0,0
2336,3289,0,0,0,1
2337,3989,0,0,1,0
2338,4399,1,0,0,0
2339,3068,0,0,0,1
2340,3463,1,0,0,0
2341,3605,1,0,0,0
2342,4268,0,0,1,0
2343,2452,0,0,1,0
2344,788,1,0,0,0
2345,3604,1,0,0,0
2346,1703,1,0,0,0
2347,3756,0,0,0,1
2348,3606,0,0,0,1
2349,1137,0,0,0,1
2350,3373,0,0,0,1
2351,786,0,0,1,0
2352,793,0,0,1,0
2353,3192,0,0,0,1
2354,1286,0,0,0,1
2355,2264,1,0,0,0
2356,3912,0,0,1,0
2357,2621,0,0,0,1
2358,3969,1,0,0,0
2359,474,1,0,0,0
2360,2204,0,0,0,1
2361,2730,1,0,0,0
2362,3316,0,1,0,0
2363,613,1,0,0,0
2364,1032,0,0,1,0
2365,475,1,0,0,0
2366,2556,1,0,0,0
2367,1327,0,1,0,0
2368,4100,0,0,0,1
2369,2383,0,0,1,0
2370,2396,0,0,1,0
2371,2199,1,0,0,0
2372,443,0,0,1,0
2373,3350,1,0,0,0
2374,2198,1,0,0,0
2375,2058,0,0,0,1
2376,2108,0,0,0,1
2377,4158,1,0,0,0
2378,2703,0,0,1,0
2379,4139,0,0,1,0
2380,2037,1,0,0,0
2381,4306,0,0,0,1
2382,4256,0,0,0,1
2383,3098,1,0,0,0
2384,3631,1,0,0,0
2385,2427,0,0,0,1
2386,2152,0,0,0,1
2387,2869,1,0,0,0
2388,1714,0,0,0,1
2389,261,0,0,0,1
2390,2561,0,1,0,0
2391,1331,0,0,0,1
2392,3025,0,0,0,1
2393,3364,1,0,0,0
2394,1376,0,0,1,0
2395,2563,1,0,0,0
2396,3023,0,0,1,0
2397,3986,0,0,1,0
2398,3993,0,0,1,0
2399,1418,0,0,0,1
2400,627,1,0,0,0
2401,548,0,0,0,1
2402,2704,1,0,0,0
2403,441,1,0,0,0
2404,1860,0,0,0,1
2405,1930,0,0,0,1
2406,4050,1,0,0,0
2407,2359,1,0,0,0
2408,4051,1,0,0,0
2409,179,0,1,0,0
2410,4237,1,0,0,0
2411,4267,0,0,1,0
2412,276,0,0,0,1
2413,3739,1,0,0,0
2414,3162,0,0,0,1
2415,1326,0,0,0,1
2416,2961,1,0,0,0
2417,1276,0,0,0,1
2418,842,1,0,0,0
2419,31,0,0,0,1
2420,653,0,0,0,1
2421,3383,0,0,0,1
2422,1549,0,1,0,0
2423,3738,1,0,0,0
2424,2049,0,0,1,0
2425,1019,0,1,0,0
2426,2796,1,0,0,0
2427,2560,0,0,0,1
2428,205,0,0,1,0
2429,1275,0,0,1,0
2430,252,0,1,0,0
2431,4295,0,1,0,0
2432,1998,0,0,1,0
2433,3855,1,0,0,0
2434,2208,0,1,0,0
2435,3135,0,0,1,0
2436,1674,0,0,1,0
2437,2249,0,0,0,1
2438,1813,1,0,0,0
2439,902,0,0,1,0
2440,4300,0,0,1,0
2441,4315,0,0,1,0
2442,3584,1,0,0,0
2443,898,1,0,0,0
2444,4033,0,0,0,1
2445,2772,0,0,1,0
2446,4148,0,0,1,0
2447,1812,1,0,0,0
2448,2086,0,0,0,1
2449,2373,0,0,1,0
2450,2267,0,0,0,1
2451,3792,0,1,0,0
2452,2712,0,0,0,1
2453,3484,0,0,0,1
2454,1312,0,0,1,0
2455,1307,0,0,1,0
2456,2820,1,0,0,0
2457,3678,1,0,0,0
2458,4236,0,1,0,0
2459,3240,0,0,0,1
2460,3453,0,0,1,0
2461,3679,1,0,0,0
2462,3735,0,0,0,1
2463,3076,0,1,0,0
2464,2334,0,1,0,0
2465,4111,1,0,0,0
2466,3439,0,0,0,1
2467,2994,0,1,0,0
2468,3569,0,0,0,1
2469,2906,0,0,1,0
2470,2219,1,0,0,0
2471,3788,0,0,0,1
2472,3906,0,0,0,1
2473,3856,0,0,0,1
2474,2644,1,0,0,0
2475,2439,0,0,1,0
2476,1283,0,1,0,0
2477,3164,0,1,0,0
2478,501,1,0,0,0
2479,500,1,0,0,0
2480,990,1,0,0,0
2481,2664,0,0,1,0
2482,3841,0,0,0,1
2483,909,0,0,0,1
2484,1323,1,0,0,0
2485,1145,1,0,0,0
2486,3224,1,0,0,0
2487,436,0,0,0,1
2488,566,0,0,0,1
2489,2270,0,0,1,0
2490,1788,0,0,1,0
2491,1144,1,0,0,0
2492,143,0,0,0,1
2493,4182,1,0,0,0
2494,3281,0,0,1,0
2495,281,0,1,0,0
2496,2092,0,1,0,0
2497,3517,1,0,0,0
2498,3987,1,0,0,0
2499,2655,0,0,0,1
2500,999,0,0,1,0
2501,1605,0,0,1,0
2502,2310,1,0,0,0
2503,3319,0,0,1,0
2504,1458,0,0,1,0
2505,407,0,1,0,0
2506,2177,1,0,0,0
2507,3151,0,0,1,0
2508,2358,0,1,0,0
2509,435,0,0,1,0
2510,2489,0,0,0,1
2511,618,1,0,0,0
2512,3962,1,0,0,0
2513,2668,0,0,0,1
2514,1450,0,0,1,0
2515,2867,0,1,0,0
2516,2192,1,0,0,0
2517,991,0,0,1,0
2518,3331,0,1,0,0
2519,272,0,0,0,1
2520,974,1,0,0,0
2521,782,1,0,0,0
2522,1322,0,0,0,1
2523,783,1,0,0,0
2524,975,1,0,0,0
2525,1864,0,0,0,1
2526,809,0,0,1,0
2527,1381,0,0,1,0
2528,3991,0,0,0,1
2529,576,1,0,0,0
2530,2632,1,0,0,0
2531,335,0,0,0,1
2532,1132,1,0,0,0
2533,3773,0,1,0,0
2534,2431,0,1,0,0
2535,3035,1,0,0,0
2536,1710,0,0,0,1
2537,3223,0,1,0,0
2538,3021,0,0,0,1
2539,22,0,0,0,1
2540,1147,0,0,1,0
2541,3252,1,0,0,0
2542,4393,1,0,0,0
2543,4290,0,0,1,0
2544,892,0,0,1,0
2545,3706,1,0,0,0
2546,1696,0,0,1,0
2547,2896,0,0,1,0
2548,2883,0,0,1,0
2549,1139,0,1,0,0
2550,4208,1,0,0,0
2551,2101,1,0,0,0
2552,1297,0,0,1,0
2553,3097,0,1,0,0
2554,2178,0,0,0,1
2555,2028,0,0,0,1
2556,3288,1,0,0,0
2557,4349,1,0,0,0
2558,3128,0,0,1,0
2559,3898,0,0,1,0
2560,4170,0,0,0,1
2561,1669,0,0,1,0
2562,2227,1,0,0,0
2563,4020,0,0,0,1
2564,4405,0,0,0,1
2565,2862,0,0,0,1
2566,1020,0,0,1,0
2567,3646,1,0,0,0
2568,3420,1,0,0,0
2569,2701,0,0,0,1
2570,3915,0,0,1,0
2571,813,0,1,0,0
2572,3174,1,0,0,0
2573,3312,1,0,0,0
2574,3253,0,0,0,1
2575,1562,0,0,0,1
2576,1005,0,1,0,0
2577,1214,1,0,0,0
2578,3175,1,0,0,0
2579,651,1,0,0,0
2580,2514,1,0,0,0
2581,4027,0,0,1,0
2582,2515,1,0,0,0
2583,2440,0,0,1,0
2584,2985,1,0,0,0
2585,380,0,0,1,0
2586,165,0,1,0,0
2587,679,0,0,0,1
2588,3126,0,1,0,0
2589,729,0,0,0,1
2590,1522,0,0,1,0
2591,3380,1,0,0,0
2592,4241,1,0,0,0
2593,3263,0,0,1,0
2594,3381,1,0,0,0
2595,498,0,0,0,1
2596,4240,1,0,0,0
2597,527,0,1,0,0
2598,3902,0,0,0,1
2599,3528,1,0,0,0
2600,2686,0,0,1,0
2601,834,1,0,0,0
2602,2587,1,0,0,0
2603,3314,0,0,0,1
2604,3661,0,0,0,1
2605,150,0,0,0,1
2606,3816,0,0,1,0
2607,2333,0,0,0,1
2608,1525,0,1,0,0
2609,2646,0,0,0,1
2610,4131,0,0,1,0
2611,3514,0,1,0,0
2612,4386,0,0,0,1
2613,3822,1,0,0,0
2614,296,0,0,1,0
2615,445,0,1,0,0
2616,283,0,0,1,0
2617,2543,0,0,1,0
2618,758,1,0,0,0
2619,2925,0,0,0,1
2620,4312,0,0,0,1
2621,824,0,1,0,0
2622,3941,1,0,0,0
2623,1296,0,0,1,0
2624,3379,1,0,0,0
2625,3866,0,0,1,0
2626,3612,0,0,1,0
2627,3161,0,0,0,1
2628,36,0,0,1,0
2629,2874,1,0,0,0
2630,2773,0,1,0,0
2631,123,0,0,1,0
2632,2875,1,0,0,0
2633,1146,0,0,1,0
2634,3206,0,0,1,0
2635,4321,0,1,0,0
2636,3085,1,0,0,0
2637,1182,1,0,0,0
2638,3817,0,1,0,0
2639,808,0,0,1,0
2640,854,0,1,0,0
2641,1924,0,0,0,1
2642,2476,1,0,0,0
2643,2610,1,0,0,0
2644,3849,1,0,0,0
2645,3689,0,0,1,0
2646,4042,0,0,1,0
2647,732,1,0,0,0
2648,2678,0,0,1,0
2649,2477,1,0,0,0
2650,3176,0,0,0,1
2651,1999,0,0,0,1
2652,2024,0,0,1,0
2653,332,0,0,0,1
2654,3403,0,0,0,1
2655,3017,1,0,0,0
2656,2981,0,0,1,0
2657,1110,1,0,0,0
2658,3271,1,0,0,0
2659,4118,0,1,0,0
2660,2253,0,1,0,0
2661,3711,0,0,1,0
2662,1218,0,0,1,0
2663,1369,0,1,0,0
2664,4392,0,0,1,0
2665,45,0,1,0,0
2666,1045,0,0,1,0
2667,2819,0,0,1,0
2668,4305,0,0,0,1
2669,4255,0,0,0,1
2670,936,0,1,0,0
2671,2122,1,0,0,0
2672,759,0,1,0,0
2673,1470,0,1,0,0
2674,2185,0,1,0,0
2675,1120,0,1,0,0
2676,2063,1,0,0,0
2677,2865,0,0,0,1
2678,2557,0,0,1,0
2679,282,0,0,1,0
2680,3665,1,0,0,0
2681,3802,0,0,1,0
2682,4416,0,1,0,0
2683,3893,1,0,0,0
2684,2932,0,1,0,0
2685,1667,0,1,0,0
2686,3664,1,0,0,0
2687,2323,0,0,0,1
2688,4024,0,1,0,0
2689,1050,1,0,0,0
2690,47,0,0,1,0
2691,3671,0,0,0,1
2692,1435,0,0,0,1
2693,3330,1,0,0,0
2694,1237,1,0,0,0
2695,152,0,0,1,0
2696,2751,1,0,0,0
2697,414,1,0,0,0
2698,3008,0,0,0,1
2699,3262,0,0,1,0
2700,4026,0,0,1,0
2701,1091,0,1,0,0
2702,3905,0,0,0,1
2703,227,0,1,0,0
2704,394,0,0,1,0
2705,2441,0,0,1,0
2706,2454,0,0,1,0
2707,486,1,0,0,0
2708,487,1,0,0,0
2709,3736,0,0,0,1
2710,817,1,0,0,0
2711,1422,0,0,0,1
2712,780,0,0,1,0
2713,2040,0,0,1,0
2714,3313,0,0,0,1
2715,219,0,0,1,0
2716,4054,0,1,0,0
2717,1021,0,0,1,0
2718,96,0,1,0,0
2719,3239,1,0,0,0
2720,1225,0,1,0,0
2721,2659,1,0,0,0
2722,3129,0,0,1,0
2723,4381,0,0,0,1
2724,1906,1,0,0,0
2725,3491,1,0,0,0
2726,2389,0,0,0,1
2727,4415,0,0,0,1
2728,2658,1,0,0,0
2729,4382,0,1,0,0
2730,3490,1,0,0,0
2731,4201,0,1,0,0
2732,2259,0,0,0,1
2733,2309,0,0,0,1
2734,3369,0,0,1,0
2735,2015,1,0,0,0
2736,2791,0,0,0,1
2737,968,1,0,0,0
2738,21,0,0,0,1
2739,643,0,0,0,1
2740,713,0,0,0,1
2741,1027,1,0,0,0
2742,1266,0,0,0,1
2743,3557,0,0,0,1
2744,4286,1,0,0,0
2745,1879,1,0,0,0
2746,1814,0,0,1,0
2747,2540,1,0,0,0
2748,1878,1,0,0,0
2749,1442,0,1,0,0
2750,2727,1,0,0,0
2751,867,0,0,0,1
2752,816,0,1,0,0
2753,4215,1,0,0,0
2754,3022,0,0,1,0
2755,4073,1,0,0,0
2756,2963,0,0,1,0
2757,4214,1,0,0,0
2758,558,0,0,0,1
2759,1776,0,0,1,0
2760,704,0,0,0,1
2761,4038,0,1,0,0
2762,1362,0,0,1,0
2763,3384,0,0,0,1
2764,1249,0,1,0,0
2765,2142,0,0,0,1
2766,2012,0,0,0,1
2767,2211,0,1,0,0
2768,1348,1,0,0,0
2769,2786,0,0,0,1
2770,3876,1,0,0,0
2771,1787,1,0,0,0
2772,3680,1,0,0,0
2773,2508,0,1,0,0
2774,1786,1,0,0,0
2775,3825,0,1,0,0
2776,1432,0,1,0,0
2777,3344,0,1,0,0
2778,2549,0,0,0,1
2779,3318,0,0,1,0
2780,3937,1,0,0,0
2781,3150,0,0,1,0
2782,2926,0,0,0,1
2783,4411,0,0,0,1
2784,2876,0,0,0,1
2785,4164,0,0,0,1
2786,2081,0,0,0,1
2787,4104,0,1,0,0
2788,1208,1,0,0,0
2789,998,0,0,1,0
2790,3551,0,0,1,0
2791,260,0,0,1,0
2792,2680,0,1,0,0
2793,59,0,1,0,0
2794,2330,0,0,0,1
2795,1919,0,0,0,1
2796,1849,0,0,0,1
2797,4066,0,1,0,0
2798,1388,0,1,0,0
2799,2803,1,0,0,0
2800,2039,0,0,1,0
2801,1797,0,0,0,1
2802,3295,0,0,1,0
2803,2492,1,0,0,0
2804,3317,0,0,0,1
2805,2812,0,1,0,0
2806,426,0,0,0,1
2807,3886,0,1,0,0
2808,4132,1,0,0,0
2809,4354,1,0,0,0
2810,848,0,1,0,0
2811,2438,0,0,1,0
2812,3851,0,0,0,1
2813,2670,0,0,1,0
2814,4133,1,0,0,0
2815,744,1,0,0,0
2816,3429,0,0,0,1
2817,522,1,0,0,0
2818,523,1,0,0,0
2819,1780,0,0,0,1
2820,1300,1,0,0,0
2821,3494,0,0,0,1
2822,1166,1,0,0,0
2823,3207,1,0,0,0
2824,3725,0,0,0,1
2825,1305,0,1,0,0
2826,376,0,0,1,0
2827,2652,0,0,0,1
2828,3534,1,0,0,0
2829,2327,0,0,0,1
2830,4301,0,0,1,0
2831,2155,1,0,0,0
2832,2931,0,0,0,1
2833,4406,0,0,0,1
2834,4149,0,0,1,0
2835,307,0,1,0,0
2836,2758,0,0,0,1
2837,1456,0,0,1,0
2838,2886,0,0,0,1
2839,433,0,0,1,0
2840,4225,0,0,0,1
2841,3232,1,0,0,0
2842,4375,0,0,0,1
2843,1153,1,0,0,0
2844,3302,0,0,1,0
2845,3054,1,0,0,0
2846,4195,1,0,0,0
2847,770,1,0,0,0
2848,2653,1,0,0,0
2849,986,1,0,0,0
2850,2435,1,0,0,0
2851,1042,0,0,1,0
2852,516,1,0,0,0
2853,2695,0,1,0,0
2854,982,0,0,1,0
2855,2434,1,0,0,0
2856,771,1,0,0,0
2857,2121,0,0,0,1
2858,3448,0,1,0,0
2859,1793,0,0,1,0
2860,586,0,0,0,1
2861,3692,0,0,0,1
2862,2986,0,0,1,0
2863,2993,0,0,1,0
2864,2023,0,0,1,0
2865,2036,0,0,1,0
2866,4269,1,0,0,0
2867,2998,0,1,0,0
2868,637,0,0,0,1
2869,1392,0,0,1,0
2870,1954,0,0,0,1
2871,1804,0,0,0,1
2872,3500,1,0,0,0
2873,3766,1,0,0,0
2874,270,0,1,0,0
2875,1109,0,0,0,1
2876,4328,0,1,0,0
2877,3589,0,0,0,1
2878,1596,0,1,0,0
2879,3214,0,0,1,0
2880,1640,0,1,0,0
2881,881,0,0,1,0
2882,3685,0,0,0,1
2883,1591,0,0,0,1
2884,1770,0,0,0,1
2885,1620,0,0,0,1
2886,3111,0,0,0,1
2887,1355,0,0,0,1
2888,2069,1,0,0,0
2889,1690,0,0,1,0
2890,3195,0,1,0,0
2891,1722,0,1,0,0
2892,2135,0,0,1,0
2893,2068,1,0,0,0
2894,2136,0,0,0,1
2895,2837,1,0,0,0
2896,584,1,0,0,0
2897,1291,0,0,1,0
2898,312,0,1,0,0
2899,3798,0,0,1,0
2900,3243,0,1,0,0
2901,4362,0,0,0,1
2902,2382,0,0,1,0
2903,4110,0,0,0,1
2904,4221,1,0,0,0
2905,2214,0,0,0,1
2906,4047,1,0,0,0
2907,2289,0,1,0,0
2908,3767,0,0,1,0
2909,2128,1,0,0,0
2910,2761,0,0,0,1
2911,2316,0,1,0,0
2912,1080,1,0,0,0
2913,3842,1,0,0,0
2914,537,0,1,0,0
2915,787,0,0,1,0
2916,739,1,0,0,0
2917,127,0,0,0,1
2918,1944,1,0,0,0
2919,1871,0,1,0,0
2920,4420,0,0,1,0
2921,2453,0,0,1,0
2922,2446,0,0,1,0
2923,4376,0,1,0,0
2924,1880,0,0,0,1
2925,3440,1,0,0,0
2926,3626,1,0,0,0
2927,3299,0,0,0,1
2928,3627,1,0,0,0
2929,4264,0,1,0,0
2930,619,0,0,0,1
2931,749,0,0,0,1
2932,1189,1,0,0,0
2933,515,0,0,0,1
2934,1895,0,0,1,0
2935,130,0,0,0,1
2936,1445,0,0,0,1
2937,3601,0,0,0,1
2938,55,0,0,1,0
2939,3751,0,0,0,1
2940,1188,1,0,0,0
2941,2021,1,0,0,0
2942,3574,0,1,0,0
2943,2353,0,0,0,1
2944,547,0,1,0,0
2945,2574,1,0,0,0
2946,631,1,0,0,0
2947,3416,0,1,0,0
2948,3810,0,0,1,0
2949,456,1,0,0,0
2950,188,0,1,0,0
2951,4107,0,0,0,1
2952,3372,1,0,0,0
2953,4057,0,0,0,1
2954,290,0,0,1,0
2955,3114,1,0,0,0
2956,2482,0,1,0,0
2957,4299,0,1,0,0
2958,1012,1,0,0,0
2959,2591,1,0,0,0
2960,298,0,0,1,0
2961,3643,0,1,0,0
2962,4366,0,0,0,1
2963,1905,0,0,1,0
2964,1910,0,0,1,0
2965,2927,0,1,0,0
2966,2828,0,0,0,1
2967,4030,1,0,0,0
2968,3397,1,0,0,0
2969,1672,0,1,0,0
2970,2338,1,0,0,0
2971,2447,0,0,0,1
2972,4257,1,0,0,0
2973,2218,0,1,0,0
2974,1370,0,0,1,0
2975,1595,0,0,0,1
2976,2845,0,1,0,0
2977,3038,0,1,0,0
2978,201,0,0,0,1
2979,315,0,0,1,0
2980,351,0,0,0,1
2981,1624,0,0,0,1
2982,3530,0,0,0,1
2983,1351,0,0,0,1
2984,3424,0,0,1,0
2985,3995,0,0,1,0
2986,1764,0,0,1,0
2987,1478,0,0,0,1
2988,478,0,0,0,1
2989,528,0,0,0,1
2990,1817,0,0,0,1
2991,381,1,0,0,0
2992,1539,0,0,1,0
2993,3721,0,1,0,0
2994,1196,0,1,0,0
2995,1699,0,0,0,1
2996,232,0,1,0,0
2997,2499,1,0,0,0
2998,1800,0,0,0,1
2999,3633,0,1,0,0
3000,1084,0,1,0,0
3001,1352,0,1,0,0
3002,2057,1,0,0,0
3003,2231,1,0,0,0
3004,3948,0,0,0,1
3005,3477,0,0,0,1
3006,3527,0,0,0,1
3007,2230,1,0,0,0
3008,633,0,0,0,1
3009,1346,0,0,0,1
3010,3102,0,0,0,1
3011,1216,0,0,0,1
3012,3052,0,0,0,1
3013,2294,0,0,0,1
3014,420,1,0,0,0
3015,2503,1,0,0,0
3016,1760,0,1,0,0
3017,1230,0,1,0,0
3018,216,0,0,1,0
3019,2502,1,0,0,0
3020,2075,0,0,0,1
3021,3048,0,1,0,0
3022,1079,0,1,0,0
3023,3896,0,0,1,0
3024,3883,0,0,1,0
3025,2872,0,0,1,0
3026,289,1,0,0,0
3027,3304,1,0,0,0
3028,3244,1,0,0,0
3029,1125,1,0,0,0
3030,4053,0,0,0,1
3031,1343,1,0,0,0
3032,2811,0,0,0,1
3033,3785,0,0,1,0
3034,1974,0,0,1,0
3035,2207,0,0,0,1
3036,4180,0,1,0,0
3037,3869,0,0,1,0
3038,2442,1,0,0,0
3039,147,0,1,0,0
3040,2593,0,0,0,1
3041,511,0,0,0,1
3042,1441,0,0,0,1
3043,134,0,0,0,1
3044,2116,1,0,0,0
3045,1314,0,0,1,0
3046,4078,1,0,0,0
3047,285,0,0,0,1
3048,1285,0,0,0,1
3049,1548,0,0,1,0
3050,3576,1,0,0,0
3051,765,0,0,1,0
3052,1415,0,1,0,0
3053,3041,0,0,1,0
3054,1715,0,0,1,0
3055,3459,0,0,0,1
3056,3971,0,0,0,1
3057,1877,0,0,1,0
3058,4058,0,0,1,0
3059,4210,0,0,1,0
3060,4205,0,0,1,0
3061,4425,1,0,0,0
3062,467,0,1,0,0
3063,3974,1,0,0,0
3064,506,0,0,0,1
3065,137,0,1,0,0
3066,1873,1,0,0,0
3067,469,1,0,0,0
3068,3287,0,0,1,0
3069,1872,1,0,0,0
3070,3783,1,0,0,0
3071,4424,1,0,0,0
3072,9,0,0,1,0
3073,3975,1,0,0,0
3074,4171,1,0,0,0
3075,2278,1,0,0,0
3076,2765,0,0,0,1
3077,3543,0,0,1,0
3078,4388,0,0,1,0
3079,505,0,1,0,0
3080,1202,0,0,1,0
3081,2246,0,1,0,0
3082,4316,1,0,0,0
3083,2688,0,0,0,1
3084,3872,0,1,0,0
3085,3618,1,0,0,0
3086,3157,0,0,1,0
3087,2806,0,0,0,1
3088,2816,0,0,1,0
3089,2469,0,0,0,1
3090,2841,1,0,0,0
3091,962,1,0,0,0
3092,1948,1,0,0,0
3093,2888,0,0,0,1
3094,3011,1,0,0,0
3095,1769,0,0,0,1
3096,1639,0,0,0,1
3097,3545,1,0,0,0
3098,4183,0,1,0,0
3099,859,1,0,0,0
3100,1588,0,0,0,1
3101,2296,0,0,1,0
3102,3693,0,1,0,0
3103,1127,0,0,1,0
3104,3590,0,0,0,1
3105,3963,0,1,0,0
3106,1465,0,0,0,1
3107,57,0,0,1,0
3108,1897,0,0,1,0
3109,3666,0,0,1,0
3110,2342,1,0,0,0
3111,2682,0,0,1,0
3112,3354,0,0,0,1
3113,1466,0,1,0,0
3114,3947,1,0,0,0
3115,4417,1,0,0,0
3116,790,0,0,1,0
3117,472,0,0,0,1
3118,2045,0,0,1,0
3119,2050,0,0,1,0
3120,1278,1,0,0,0
3121,53,0,1,0,0
3122,3805,0,0,0,1
3123,1279,1,0,0,0
3124,384,0,0,1,0
3125,2451,0,0,1,0
3126,1425,0,0,1,0
3127,2138,0,0,0,1
3128,950,1,0,0,0
3129,1430,0,0,1,0
3130,2822,0,0,0,1
3131,2878,0,0,1,0
3132,4130,0,0,0,1
3133,3889,0,0,1,0
3134,2684,1,0,0,0
3135,2395,0,0,1,0
3136,4142,1,0,0,0
3137,1184,1,0,0,0
3138,1031,0,0,1,0
3139,1024,0,0,1,0
3140,4143,1,0,0,0
3141,369,1,0,0,0
3142,2046,0,0,0,1
3143,2137,0,0,1,0
3144,3722,0,1,0,0
3145,2887,0,0,1,0
3146,2846,0,1,0,0
3147,2523,0,0,1,0
3148,1713,0,1,0,0
3149,1243,0,1,0,0
3150,810,1,0,0,0
3151,480,1,0,0,0
3152,4032,0,1,0,0
3153,1321,0,1,0,0
3154,1833,0,0,0,1
3155,3159,0,1,0,0
3156,3059,1,0,0,0
3157,3748,0,0,0,1
3158,33,0,0,1,0
3159,1375,0,0,0,1
3160,711,0,1,0,0
3161,600,0,0,0,1
3162,750,0,0,0,1
3163,3806,1,0,0,0
3164,3444,0,0,0,1
3165,194,0,0,0,1
3166,4281,0,0,1,0
3167,1900,1,0,0,0
3168,1194,0,0,0,1
3169,75,0,0,0,1
3170,747,0,0,0,1
3171,353,0,1,0,0
3172,2064,1,0,0,0
3173,3503,0,0,0,1
3174,1747,0,0,0,1
3175,2034,0,0,1,0
3176,3960,0,0,1,0
3177,1784,0,0,1,0
3178,3404,1,0,0,0
3179,2420,0,0,1,0
3180,1824,0,0,0,1
3181,2836,0,1,0,0
3182,3662,1,0,0,0
3183,588,1,0,0,0
3184,3881,0,0,0,1
3185,1385,0,0,1,0
3186,1992,1,0,0,0
3187,2398,1,0,0,0
3188,1057,1,0,0,0
3189,4091,1,0,0,0
3190,1231,1,0,0,0
3191,3148,0,0,1,0
3192,2399,1,0,0,0
3193,4090,1,0,0,0
3194,4120,0,1,0,0
3195,1056,1,0,0,0
3196,3337,1,0,0,0
3197,2530,1,0,0,0
3198,675,1,0,0,0
3199,761,0,1,0,0
3200,3549,0,0,1,0
3201,674,1,0,0,0
3202,4109,0,0,0,1
3203,412,1,0,0,0
3204,980,0,0,1,0
3205,1087,0,1,0,0
3206,3630,0,1,0,0
3207,1055,0,0,1,0
3208,4074,1,0,0,0
3209,4212,1,0,0,0
3210,1454,0,1,0,0
3211,4368,0,0,0,1
3212,1104,0,1,0,0
3213,4213,1,0,0,0
3214,1048,0,0,1,0
3215,265,0,0,1,0
3216,4285,0,0,0,1
3217,690,1,0,0,0
3218,4064,0,0,0,1
3219,4134,0,0,0,1
3220,4207,0,0,1,0
3221,4389,1,0,0,0
3222,3248,1,0,0,0
3223,2080,1,0,0,0
3224,3507,0,1,0,0
3225,1976,1,0,0,0
3226,697,0,0,0,1
3227,3871,1,0,0,0
3228,1781,1,0,0,0
3229,3632,0,0,0,1
3230,3870,1,0,0,0
3231,4217,0,1,0,0
3232,526,0,0,0,1
3233,1053,0,0,0,1
3234,3347,0,0,0,1
3235,1799,0,0,1,0
3236,3968,0,0,1,0
3237,2481,0,1,0,0
3238,1680,0,0,0,1
3239,3457,0,0,1,0
3240,3775,0,0,0,1
3241,3200,0,0,0,1
3242,544,0,1,0,0
3243,3615,1,0,0,0
3244,3473,1,0,0,0
3245,2902,0,0,1,0
3246,3472,1,0,0,0
3247,3043,0,0,1,0
3248,3698,0,0,0,1
3249,3127,1,0,0,0
3250,4292,0,0,0,1
3251,4311,0,0,1,0
3252,4280,1,0,0,0
3253,3787,0,0,1,0
3254,4159,0,0,1,0
3255,2831,0,0,0,1
3256,2365,0,1,0,0
3257,4123,0,0,0,1
3258,2776,0,0,1,0
3259,2188,1,0,0,0
3260,2196,0,0,0,1
3261,2721,1,0,0,0
3262,2547,1,0,0,0
3263,3978,1,0,0,0
3264,3393,0,0,1,0
3265,2546,1,0,0,0
3266,800,0,1,0,0
3267,2055,0,0,0,1
3268,2660,1,0,0,0
3269,1989,0,0,1,0
3270,3760,0,1,0,0
3271,524,1,0,0,0
3272,3890,0,1,0,0
3273,2789,0,0,1,0
3274,3839,1,0,0,0
3275,1161,1,0,0,0
3276,2870,0,0,1,0
3277,2209,0,0,0,1
3278,3529,0,1,0,0
3279,1665,0,0,1,0
3280,3201,1,0,0,0
3281,2611,0,0,1,0
3282,4276,0,0,1,0
3283,399,0,0,1,0
3284,1366,0,0,0,1
3285,236,0,0,0,1
3286,366,0,0,0,1
3287,3919,0,0,1,0
3288,3293,0,0,0,1
3289,3602,0,1,0,0
3290,2010,0,1,0,0
3291,798,0,0,1,0
3292,311,0,1,0,0
3293,3065,0,0,0,1
3294,317,0,0,1,0
3295,302,0,0,1,0
3296,1367,0,0,1,0
3297,3710,0,1,0,0
3298,3308,1,0,0,0
3299,1837,0,0,0,1
3300,1967,0,0,0,1
3301,4000,0,1,0,0
3302,3892,0,0,0,1
3303,2966,0,0,1,0
3304,597,0,1,0,0
3305,3997,0,0,1,0
3306,3309,1,0,0,0
3307,2804,1,0,0,0
3308,927,1,0,0,0
3309,4216,0,0,0,1
3310,2916,0,1,0,0
3311,1643,0,1,0,0
3312,977,0,0,1,0
3313,2229,0,1,0,0
3314,2042,0,0,0,1
3315,3292,1,0,0,0
3316,723,0,1,0,0
3317,2537,0,0,0,1
3318,2808,0,0,0,1
3319,2958,0,0,0,1
3320,3982,0,1,0,0
3321,3762,0,0,1,0
3322,1023,0,0,1,0
3323,2393,1,0,0,0
3324,452,0,0,1,0
3325,3904,1,0,0,0
3326,3363,0,0,1,0
3327,3594,1,0,0,0
3328,2018,0,0,0,1
3329,2443,0,0,1,0
3330,396,0,0,1,0
3331,383,0,0,1,0
3332,10,1,0,0,0
3333,4367,1,0,0,0
3334,4101,1,0,0,0
3335,1626,0,1,0,0
3336,2973,0,1,0,0
3337,3333,0,0,0,1
3338,913,1,0,0,0
3339,3617,0,1,0,0
3340,582,1,0,0,0
3341,3669,1,0,0,0
3342,3082,0,0,0,1
3343,81,0,0,0,1
3344,415,0,0,0,1
3345,3274,0,0,0,1
3346,1160,0,0,0,1
3347,1890,0,0,1,0
3348,1885,0,0,1,0
3349,1135,0,0,1,0
3350,318,0,0,1,0
3351,3235,1,0,0,0
3352,2291,0,0,1,0
3353,551,0,0,1,0
3354,3932,0,0,0,1
3355,719,0,0,1,0
3356,1734,0,1,0,0
3357,2433,1,0,0,0
3358,1521,0,0,1,0
3359,2861,0,1,0,0
3360,3028,0,0,1,0
3361,2300,1,0,0,0
3362,2555,0,0,1,0
3363,4008,1,0,0,0
3364,1580,0,1,0,0
3365,2303,0,0,0,1
3366,3621,1,0,0,0
3367,1047,0,0,1,0
3368,2390,0,0,0,1
3369,3447,1,0,0,0
3370,992,0,0,1,0
3371,3620,1,0,0,0
3372,4129,0,1,0,0
3373,4094,0,0,0,1
3374,1446,0,0,1,0
3375,362,1,0,0,0
3376,3307,0,0,1,0
3377,2026,1,0,0,0
3378,636,1,0,0,0
3379,2715,1,0,0,0
3380,450,1,0,0,0
3381,1904,0,0,0,1
3382,451,1,0,0,0
3383,1783,0,0,1,0
3384,2983,0,0,1,0
3385,795,0,1,0,0
3386,2586,0,1,0,0
3387,3374,1,0,0,0
3388,1273,1,0,0,0
3389,3112,1,0,0,0
3390,1073,0,1,0,0
3391,737,0,0,0,1
3392,3156,0,0,0,1
3393,1448,1,0,0,0
3394,3729,1,0,0,0
3395,2787,1,0,0,0
3396,255,0,0,0,1
3397,121,0,0,1,0
3398,3564,0,0,0,1
3399,1720,0,0,0,1
3400,853,1,0,0,0
3401,34,0,0,1,0
3402,4040,1,0,0,0
3403,768,0,0,1,0
3404,1545,0,0,1,0
3405,1550,0,0,1,0
3406,1718,0,0,1,0
3407,4227,1,0,0,0
3408,3180,1,0,0,0
3409,1988,0,1,0,0
3410,1942,1,0,0,0
3411,3845,1,0,0,0
3412,4156,0,0,1,0
3413,2991,0,0,0,1
3414,559,1,0,0,0
3415,4262,0,0,0,1
3416,2139,0,1,0,0
3417,2413,0,0,0,1
3418,2166,0,0,0,1
3419,2475,0,1,0,0
3420,1688,0,0,1,0
3421,2307,0,0,0,1
3422,3737,0,1,0,0
3423,3394,0,0,1,0
3424,3657,1,0,0,0
3425,336,0,1,0,0
3426,1750,1,0,0,0
3427,3431,1,0,0,0
3428,4153,0,0,0,1
3429,2236,1,0,0,0
3430,3298,1,0,0,0
3431,4426,0,0,0,1
3432,2853,0,1,0,0
3433,901,0,0,1,0
3434,2504,1,0,0,0
3435,641,1,0,0,0
3436,1993,0,0,0,1
3437,640,1,0,0,0
3438,2763,1,0,0,0
3439,3583,0,1,0,0
3440,268,0,0,0,1
3441,2910,0,0,1,0
3442,3270,0,0,0,1
3443,541,0,0,0,1
3444,1205,1,0,0,0
3445,3655,0,0,0,1
3446,1541,0,0,0,1
3447,129,0,0,1,0
3448,4293,0,1,0,0
3449,3303,1,0,0,0
3450,92,0,0,0,1
3451,556,0,0,0,1
3452,2596,1,0,0,0
3453,789,0,1,0,0
3454,3267,0,0,0,1
3455,3712,0,0,0,1
3456,3297,0,0,1,0
3457,939,0,0,0,1
3458,3086,0,0,0,1
3459,3539,1,0,0,0
3460,1658,1,0,0,0
3461,1867,0,0,1,0
3462,3390,1,0,0,0
3463,4037,1,0,0,0
3464,3921,0,0,0,1
3465,2159,1,0,0,0
3466,1984,0,0,0,1
3467,4200,0,0,1,0
3468,4144,0,0,0,1
3469,2788,0,0,0,1
3470,3152,0,0,1,0
3471,1606,0,0,1,0
3472,68,0,1,0,0
3473,1934,1,0,0,0
3474,3833,1,0,0,0
3475,262,0,0,1,0
3476,4398,0,0,1,0
3477,4318,0,0,0,1
3478,224,0,1,0,0
3479,2928,0,0,0,1
3480,2539,0,1,0,0
3481,2162,0,0,0,1
3482,3432,0,1,0,0
3483,288,0,0,1,0
3484,4422,1,0,0,0
3485,2995,0,0,0,1
3486,563,0,1,0,0
3487,4266,0,0,0,1
3488,3990,0,0,1,0
3489,3985,0,0,1,0
3490,1428,0,0,0,1
3491,3268,0,0,1,0
3492,3550,0,1,0,0
3493,1847,0,0,0,1
3494,4177,1,0,0,0
3495,495,0,0,0,1
3496,158,0,0,1,0
3497,2698,0,0,1,0
3498,2847,1,0,0,0
3499,3560,0,0,0,1
3500,1724,0,0,0,1
3501,1719,1,0,0,0
3502,3430,0,0,0,1
3503,305,0,0,1,0
3504,310,0,0,1,0
3505,965,1,0,0,0
3506,3015,0,0,0,1
3507,1344,1,0,0,0
3508,482,0,0,0,1
3509,1122,1,0,0,0
3510,3796,0,0,0,1
3511,1473,0,1,0,0
3512,246,0,0,0,1
3513,1123,0,1,0,0
3514,1733,0,0,0,1
3515,1663,0,0,0,1
3516,3427,0,0,0,1
3517,3864,0,1,0,0
3518,2250,0,1,0,0
3519,2623,1,0,0,0
3520,700,1,0,0,0
3521,2616,0,0,1,0
3522,4039,0,0,1,0
3523,1803,0,0,1,0
3524,2444,1,0,0,0
3525,4079,0,1,0,0
3526,4218,1,0,0,0
3527,2329,0,0,0,1
3528,2376,1,0,0,0
3529,4271,0,0,0,1
3530,2110,1,0,0,0
3531,3123,0,0,1,0
3532,4408,0,0,0,1
3533,1263,0,0,1,0
3534,2400,0,0,0,1
3535,206,0,0,1,0
3536,3716,1,0,0,0
3537,3413,1,0,0,0
3538,3037,0,1,0,0
3539,3675,1,0,0,0
3540,3674,1,0,0,0
3541,1985,1,0,0,0
3542,2494,0,0,0,1
3543,3153,0,0,1,0
3544,2073,1,0,0,0
3545,4421,0,0,0,1
3546,4004,0,0,0,1
3547,4154,0,0,0,1
3548,2798,0,0,0,1
3549,1556,0,1,0,0
3550,3931,0,0,0,1
3551,2527,1,0,0,0
3552,662,1,0,0,0
3553,2741,1,0,0,0
3554,2740,1,0,0,0
3555,803,0,0,1,0
3556,1994,0,0,0,1
3557,2491,0,1,0,0
3558,28,0,0,0,1
3559,1546,0,0,0,1
3560,3277,0,0,0,1
3561,4086,1,0,0,0
3562,1382,0,0,0,1
3563,1929,0,0,0,1
3564,4087,1,0,0,0
3565,3320,1,0,0,0
3566,496,1,0,0,0
3567,3645,0,0,0,1
3568,375,0,0,1,0
3569,401,0,0,0,1
3570,1158,0,0,1,0
3571,82,0,0,0,1
3572,497,1,0,0,0
3573,1395,0,0,0,1
3574,128,0,0,1,0
3575,395,0,0,0,1
3576,116,0,1,0,0
3577,4272,1,0,0,0
3578,2904,0,0,1,0
3579,3419,0,0,0,1
3580,278,0,0,0,1
3581,4015,1,0,0,0
3582,4273,1,0,0,0
3583,2851,0,0,0,1
3584,1970,0,0,1,0
3585,2649,1,0,0,0
3586,3794,0,0,1,0
3587,3481,1,0,0,0
3588,1288,0,0,1,0
3589,1114,0,1,0,0
3590,2287,1,0,0,0
3591,2889,0,0,1,0
3592,2732,0,0,0,1
3593,3878,0,0,1,0
3594,71,0,1,0,0
3595,3228,1,0,0,0
3596,3368,1,0,0,0
3597,1009,1,0,0,0
3598,1262,0,0,1,0
3599,2384,0,0,0,1
3600,1277,0,0,1,0
3601,1008,1,0,0,0
3602,212,0,0,1,0
3603,1857,1,0,0,0
3604,2863,0,0,1,0
3605,2708,1,0,0,0
3606,3122,0,0,1,0
3607,3951,1,0,0,0
3608,263,0,1,0,0
3609,4400,1,0,0,0
3610,4331,0,0,0,1
3611,4261,0,0,0,1
3612,2709,1,0,0,0
3613,2112,0,1,0,0
3614,4155,1,0,0,0
3615,3700,0,1,0,0
3616,1193,1,0,0,0
3617,4332,1,0,0,0
3618,1192,1,0,0,0
3619,1028,0,1,0,0
3620,1802,0,0,1,0
3621,2617,0,0,1,0
3622,1840,0,0,0,1
3623,301,0,1,0,0
3624,3019,0,1,0,0
3625,3858,0,0,0,1
3626,673,0,0,0,1
3627,1731,0,1,0,0
3628,3437,0,0,0,1
3629,256,0,0,0,1
3630,1261,0,1,0,0
3631,2693,1,0,0,0
3632,1101,1,0,0,0
3633,1485,0,0,0,1
3634,3260,1,0,0,0
3635,1374,0,0,1,0
3636,2699,0,0,1,0
3637,159,0,0,1,0
3638,2976,0,1,0,0
3639,3261,1,0,0,0
3640,3155,0,0,0,1
3641,3094,0,1,0,0
3642,1664,0,0,0,1
3643,1129,0,0,1,0
3644,2600,1,0,0,0
3645,1568,0,0,0,1
3646,1438,0,0,0,1
3647,1775,0,0,1,0
3648,4097,0,0,0,1
3649,2132,1,0,0,0
3650,2354,1,0,0,0
3651,2432,0,1,0,0
3652,621,0,1,0,0
3653,371,0,1,0,0
3654,1901,0,0,1,0
3655,2714,0,0,1,0
3656,2355,1,0,0,0
3657,3734,1,0,0,0
3658,2148,0,0,1,0
3659,2868,0,0,0,1
3660,1741,0,1,0,0
3661,2172,0,0,0,1
3662,1211,0,1,0,0
3663,2140,0,0,1,0
3664,2667,0,1,0,0
3665,3179,1,0,0,0
3666,124,0,1,0,0
3667,1219,1,0,0,0
3668,3801,0,0,1,0
3669,2905,0,0,0,1
3670,4017,0,0,0,1
3671,1820,1,0,0,0
3672,1044,0,1,0,0
3673,1909,0,0,1,0
3674,3926,1,0,0,0
3675,2968,0,0,1,0
3676,4122,1,0,0,0
3677,3029,0,0,1,0
3678,4345,1,0,0,0
3679,2183,0,1,0,0
3680,718,0,0,1,0
3681,930,1,0,0,0
3682,1891,0,0,1,0
3683,2813,1,0,0,0
3684,3641,0,0,0,1
3685,1405,0,0,0,1
3686,2705,0,1,0,0
3687,1555,0,0,0,1
3688,144,0,0,1,0
3689,555,0,0,0,1
3690,1391,0,0,0,1
3691,931,1,0,0,0
3692,43,0,1,0,0
3693,3656,0,0,0,1
3694,167,0,0,0,1
3695,3555,0,1,0,0
3696,796,0,0,1,0
3697,3217,1,0,0,0
3698,1310,1,0,0,0
3699,3988,0,0,0,1
3700,3273,0,0,0,1
3701,4193,0,1,0,0
3702,1311,1,0,0,0
3703,1177,1,0,0,0
3704,386,0,0,0,1
3705,2411,1,0,0,0
3706,2677,1,0,0,0
3707,4025,0,0,1,0
3708,533,1,0,0,0
3709,2410,1,0,0,0
3710,1564,0,1,0,0
3711,2842,0,0,0,1
3712,3362,0,0,1,0
3713,4150,0,0,0,1
3714,2144,1,0,0,0
3715,2322,1,0,0,0
3716,2158,0,0,0,1
3717,2008,0,0,0,1
3718,3763,0,0,1,0
3719,838,1,0,0,0
3720,1987,0,0,1,0
3721,2671,0,0,0,1
3722,3167,0,1,0,0
3723,3469,0,1,0,0
3724,1705,1,0,0,0
3725,3464,1,0,0,0
3726,1681,0,0,1,0
3727,1694,0,0,1,0
3728,3865,0,0,1,0
3729,979,1,0,0,0
3730,1704,1,0,0,0
3731,3603,1,0,0,0
3732,978,1,0,0,0
3733,2131,0,0,1,0
3734,2403,0,0,0,1
3735,4157,0,0,1,0
3736,4379,0,1,0,0
3737,1097,0,1,0,0
3738,1295,0,0,1,0
3739,2562,0,1,0,0
3740,4093,0,0,0,1
3741,2263,1,0,0,0
3742,2525,0,0,1,0
3743,1869,1,0,0,0
3744,1149,0,0,0,1
3745,615,1,0,0,0
3746,1551,0,0,1,0
3747,1544,0,0,1,0
3748,2550,1,0,0,0
3749,769,0,0,1,0
3750,3499,0,0,0,1
3751,1868,1,0,0,0
3752,614,1,0,0,0
3753,890,0,0,1,0
3754,4297,1,0,0,0
3755,368,0,0,1,0
3756,2319,0,1,0,0
3757,4296,1,0,0,0
3758,660,0,0,0,1
3759,35,0,0,1,0
3760,1250,1,0,0,0
3761,3131,1,0,0,0
3762,2982,0,0,1,0
3763,687,1,0,0,0
3764,871,1,0,0,0
3765,3016,0,0,0,1
3766,3146,0,0,0,1
3767,2934,0,1,0,0
3768,677,0,0,0,1
3769,2032,0,0,1,0
3770,1727,0,0,0,1
3771,2394,0,1,0,0
3772,1677,0,0,0,1
3773,2512,0,1,0,0
3774,4041,0,0,1,0
3775,4204,1,0,0,0
3776,701,0,1,0,0
3777,1961,1,0,0,0
3778,2996,0,0,0,1
3779,4084,0,0,0,1
3780,3867,1,0,0,0
3781,3306,0,0,1,0
3782,993,0,0,1,0
3783,2639,0,1,0,0
3784,4384,0,0,1,0
3785,3707,0,0,1,0
3786,1358,1,0,0,0
3787,2161,0,0,0,1
3788,2097,1,0,0,0
3789,1354,0,1,0,0
3790,1604,0,1,0,0
3791,2237,0,0,0,1
3792,2367,0,0,0,1
3793,1090,1,0,0,0
3794,3197,1,0,0,0
3795,2742,0,0,0,1
3796,764,0,1,0,0
3797,4310,0,0,1,0
3798,1638,1,0,0,0
3799,3559,1,0,0,0
3800,3793,0,0,1,0
3801,3635,0,1,0,0
3802,3786,0,0,1,0
3803,1962,0,0,1,0
3804,3398,0,1,0,0
3805,3938,0,1,0,0
3806,358,0,0,0,1
3807,3757,0,1,0,0
3808,2145,0,1,0,0
3809,3688,0,0,0,1
3810,3042,0,0,1,0
3811,1302,0,0,1,0
3812,1317,0,0,1,0
3813,1766,0,1,0,0
3814,372,0,0,1,0
3815,728,1,0,0,0
3816,959,0,0,0,1
3817,2921,0,1,0,0
3818,3593,0,0,0,1
3819,1199,1,0,0,0
3820,1959,0,0,0,1
3821,1809,0,0,0,1
3822,2030,1,0,0,0
3823,2256,1,0,0,0
3824,1113,0,0,0,1
3825,1043,0,0,0,1
3826,4338,1,0,0,0
3827,2031,1,0,0,0
3828,3622,0,0,0,1
3829,1536,0,0,0,1
3830,2498,0,1,0,0
3831,3636,1,0,0,0
3832,3450,1,0,0,0
3833,1874,0,0,1,0
3834,3690,0,0,1,0
3835,3104,1,0,0,0
3836,1003,1,0,0,0
3837,2815,0,0,1,0
3838,1002,1,0,0,0
3839,4124,0,0,0,1
3840,1264,1,0,0,0
3841,4228,0,0,0,1
3842,4378,0,0,0,1
3843,2702,1,0,0,0
3844,3708,0,0,1,0
3845,447,1,0,0,0
3846,2843,0,1,0,0
3847,446,1,0,0,0
3848,620,1,0,0,0
3849,996,1,0,0,0
3850,461,0,1,0,0
3851,2052,0,0,0,1
3852,1748,0,1,0,0
3853,997,1,0,0,0
3854,2818,0,0,0,1
3855,1051,0,1,0,0
3856,1324,1,0,0,0
3857,1325,1,0,0,0
3858,3044,1,0,0,0
3859,976,0,0,1,0
3860,1977,0,0,0,1
3861,1827,0,0,0,1
3862,3198,0,0,0,1
3863,717,0,0,1,0
3864,1886,1,0,0,0
3865,1416,1,0,0,0
3866,448,0,0,0,1
3867,3510,1,0,0,0
3868,303,0,0,1,0
3869,2317,1,0,0,0
3870,2171,1,0,0,0
3871,3075,0,0,0,1
3872,4278,1,0,0,0
3873,1361,0,0,0,1
3874,2170,1,0,0,0
3875,3294,0,0,0,1
3876,3918,0,0,1,0
3877,61,0,0,0,1
3878,753,0,0,0,1
3879,141,0,1,0,0
3880,3132,0,0,0,1
3881,1484,1,0,0,0
3882,799,0,0,1,0
3883,0,0,1,0,0
3884,3283,0,0,0,1
3885,3582,1,0,0,0
3886,2605,0,0,1,0
3887,1571,0,1,0,0
3888,297,0,1,0,0
3889,4277,0,0,1,0
3890,4250,0,1,0,0
3891,594,1,0,0,0
3892,1439,0,0,1,0
3893,1143,0,1,0,0
3894,3130,0,0,1,0
3895,2826,1,0,0,0
3896,595,1,0,0,0
3897,1671,0,0,1,0
3898,3895,0,0,1,0
3899,2871,0,0,1,0
3900,3418,1,0,0,0
3901,1779,1,0,0,0
3902,2460,0,0,0,1
3903,4370,1,0,0,0
3904,2890,0,1,0,0
3905,2760,0,1,0,0
3906,1030,0,0,1,0
3907,3764,0,0,1,0
3908,1431,0,0,1,0
3909,4395,1,0,0,0
3910,609,0,0,1,0
3911,4291,0,0,0,1
3912,3888,0,0,1,0
3913,3033,1,0,0,0
3914,2832,0,0,0,1
3915,2299,0,0,0,1
3916,1607,1,0,0,0
3917,644,0,1,0,0
3918,3715,0,1,0,0
3919,3701,1,0,0,0
3920,868,0,0,1,0
3921,1683,0,0,0,1
3922,683,0,0,0,1
3923,2106,1,0,0,0
3924,2781,0,1,0,0
3925,2360,1,0,0,0
3926,2051,0,0,1,0
3927,2044,0,0,1,0
3928,462,0,0,0,1
3929,532,0,0,0,1
3930,791,0,0,1,0
3931,4005,0,1,0,0
3932,2361,1,0,0,0
3933,2107,1,0,0,0
3934,1863,1,0,0,0
3935,3964,1,0,0,0
3936,3580,0,0,0,1
3937,3081,0,1,0,0
3938,4088,0,1,0,0
3939,1100,0,0,0,1
3940,3965,1,0,0,0
3941,2683,0,0,1,0
3942,1862,1,0,0,0
3943,3672,0,0,1,0
3944,3761,0,0,0,1
3945,56,0,0,1,0
3946,1527,0,0,1,0
3947,629,0,0,0,1
3948,2194,1,0,0,0
3949,1598,0,0,0,1
3950,2545,0,1,0,0
3951,3952,0,0,0,1
3952,2195,1,0,0,0
3953,364,0,1,0,0
3954,3608,1,0,0,0
3955,634,0,1,0,0
3956,2553,0,0,1,0
3957,3609,1,0,0,0
3958,4369,0,0,1,0
3959,1204,0,1,0,0
3960,3813,0,0,1,0
3961,1754,0,1,0,0
3962,2268,1,0,0,0
3963,2898,0,0,0,1
3964,2363,0,0,0,1
3965,2233,0,0,0,1
3966,2746,0,0,0,1
3967,1280,1,0,0,0
3968,2111,0,0,0,1
3969,1041,0,0,1,0
3970,2328,1,0,0,0
3971,1281,1,0,0,0
3972,981,0,0,1,0
3973,3386,1,0,0,0
3974,4383,0,0,1,0
3975,2581,1,0,0,0
3976,1543,0,1,0,0
3977,3301,0,0,1,0
3978,1440,0,0,1,0
3979,833,1,0,0,0
3980,3149,0,0,1,0
3981,390,1,0,0,0
3982,1834,0,0,0,1
3983,1421,0,1,0,0
3984,391,1,0,0,0
3985,3659,0,1,0,0
3986,222,0,0,0,1
3987,3443,0,0,0,1
3988,3513,0,0,0,1
3989,1372,0,0,0,1
3990,3136,0,0,0,1
3991,757,0,0,0,1
3992,65,0,0,0,1
3993,1790,0,0,1,0
3994,3961,0,0,1,0
3995,3410,0,1,0,0
3996,2752,0,1,0,0
3997,3140,0,1,0,0
3998,3504,0,0,0,1
3999,72,0,0,0,1
4000,27,0,0,1,0
4001,3121,0,0,0,1
4002,3071,0,0,0,1
4003,1157,0,0,1,0
4004,3640,1,0,0,0
4005,2409,0,1,0,0
4006,888,0,1,0,0
4007,2522,0,0,1,0
4008,3315,1,0,0,0
4009,3846,0,1,0,0
4010,4352,0,0,0,1
4011,4202,0,0,0,1
4012,1075,1,0,0,0
4013,531,0,1,0,0
4014,2775,1,0,0,0
4015,2056,0,0,0,1
4016,3,0,0,0,1
4017,3877,0,0,1,0
4018,1686,0,0,1,0
4019,3460,0,1,0,0
